Date,Time,Time Point,day,ElapsedDays,Bottle,Treatment,Depth,Rep,CO2.sys.ppm.p,CH4.sys.ppm.p,n.mol.p,CO2.air.ppm,CH4.air.ppm,CO2.sys.ppm,CH4.sys.ppm,CO2.bottle.ppm,CH4.bottle.ppm,n.mol,CO2.bottle.umol,CO2.production.umol,CO2.cumulative.umol,CH4.bottle.umol,CH4.production.umol,CH4.cumulative.umol,Cumulative_CO2/C,Cumulative_CH4/C,TotalCarbonRespired_umolC,TotalCarbonRespired_umolC/C,InitialSedCarbon_molC,RemainingSedCarbon_molC,PercentCRespired,Flag
10/5/2016,15:00,T7,0,0.00,IB 20-M1,IB 20,M,1,,,0.02,,,446.80,2.0080,702.95,3.1592,0.02,17.51,0.00,0.00,0.0787,0.0000,0.0000,0.00,0.0000,0.00,0.00,0.013235,0.0132350,0.00000,
10/6/2016,15:30,T8,1,1.02,IB 20-M1,IB 20,M,1,446.80,2.0080,0.02,426.13,1.8660,470.75,2.0272,496.33,2.1196,0.02,12.36,1.23,1.23,0.0528,0.0028,0.0028,93.23,0.2101,1.24,93.44,0.013235,0.0132349,0.00009,
10/7/2016,11:13,T9,2,1.84,IB 20-M1,IB 20,M,1,470.75,2.0272,0.02,451.20,1.8642,497.47,2.0404,524.00,2.1414,0.02,13.05,1.33,2.56,0.0533,0.0028,0.0056,193.45,0.4251,2.57,193.87,0.013235,0.0132348,0.00019,
10/11/2016,15:11,T10,6,6.01,IB 20-M1,IB 20,M,1,497.47,2.0404,0.02,554.29,1.9997,685.32,2.2303,760.44,2.3625,0.02,18.94,6.55,9.11,0.0589,0.0080,0.0136,688.42,1.0313,9.12,689.45,0.013235,0.0132341,0.00069,
10/14/2016,15:25,T11,9,9.02,IB 20-M1,IB 20,M,1,685.32,2.2303,0.02,470.02,1.9869,789.70,2.2751,972.97,2.4403,0.02,24.24,7.17,16.28,0.0608,0.0052,0.0189,1229.84,1.4266,16.30,1231.27,0.013235,0.0132334,0.00123,
10/17/2016,10:20,T12,12,11.81,IB 20-M1,IB 20,M,1,789.70,2.2751,0.02,540.22,1.9373,985.70,2.3417,1241.10,2.5735,0.02,30.92,11.24,27.52,0.0641,0.0074,0.0263,2079.46,1.9884,27.55,2081.45,0.013235,0.0132323,0.00208,
10/20/2016,11:07,T13,15,14.84,IB 20-M1,IB 20,M,1,985.70,2.3417,0.02,469.05,1.8870,976.53,2.4089,1267.47,2.7081,0.02,31.57,7.02,34.54,0.0675,0.0091,0.0354,2609.82,2.6780,34.58,2612.49,0.013235,0.0132316,0.00261,
10/24/2016,12:11,T14,19,18.88,IB 20-M1,IB 20,M,1,976.53,2.4089,0.02,424.83,1.9918,1087.30,2.6226,1467.10,2.9842,0.02,36.55,12.22,46.76,0.0743,0.0143,0.0498,3533.17,3.7610,46.81,3536.93,0.013235,0.0132303,0.00354,
10/26/2016,15:39,T15,21,21.03,IB 20-M1,IB 20,M,1,1087.30,2.6226,0.02,457.44,2.0213,1087.28,2.6971,1448.37,3.0845,0.02,36.08,8.99,55.76,0.0768,0.0115,0.0613,4212.78,4.6304,55.82,4217.41,0.013235,0.0132294,0.00422,
10/26/2016,16:40,T15,21,21.07,IB 20-M1,IB 20,M,1,opened bottles to atmosphere,opened bottles to atmosphere,0.02,,,555.02,2.0801,,,,,,55.76,0.0000,,0.0613,,,,,,,,*opened bottles to atmosphere*
10/28/2016,13:45,T16,23,22.95,IB 20-M1,IB 20,M,1,555.02,2.0801,0.02,483.10,1.9743,659.73,2.2145,760.99,2.3522,0.02,18.96,5.13,60.89,0.0586,0.0068,0.0681,4600.46,5.1426,60.96,4605.61,0.013235,0.0132289,0.00461,Bottle opened to atm prior to incubation
10/31/2016,15:05,T15,26,26.00,IB 20-M1,IB 20,M,1,659.73,2.2145,0.02,496.89,1.9669,815.08,2.3671,997.50,2.5965,0.02,24.85,8.41,69.30,0.0647,0.0095,0.0776,5236.22,5.8617,69.38,5242.08,0.013235,0.0132281,0.00524,
11/2/2016,14:25,T16,28,27.98,IB 20-M1,IB 20,M,1,815.08,2.3671,0.02,410.02,1.9143,863.24,2.3760,1123.07,2.6407,0.02,27.98,7.67,76.97,0.0658,0.0068,0.0844,5815.93,6.3766,77.06,5822.30,0.013235,0.0132273,0.00582,
11/4/2016,10:25,T17,30,29.81,IB 20-M1,IB 20,M,1,863.24,2.3760,0.02,482.32,1.9308,908.25,2.3731,1152.44,2.6267,0.02,28.71,7.20,84.18,0.0654,0.0062,0.0906,6360.26,6.8484,84.27,6367.11,0.013235,0.0132266,0.00637,
11/7/2016,15:28,T18,33,33.02,IB 20-M1,IB 20,M,1,908.25,2.3731,0.02,479.16,1.9411,1054.75,2.4432,1384.74,2.7311,0.02,34.50,11.87,96.05,0.0680,0.0089,0.0996,7257.11,7.5222,96.15,7264.63,0.013235,0.0132254,0.00726,
11/10/2016,9:58,T19,36,35.79,IB 20-M1,IB 20,M,1,1054.75,2.4432,0.02,488.01,1.9822,1165.69,2.4745,1554.21,2.7567,0.02,38.72,12.44,108.49,0.0687,0.0078,0.1074,8197.20,8.1123,108.60,8205.31,0.013235,0.0132242,0.00821,
12/1/2016,11:00,T20,57,56.83,IB 20-M1,IB 20,M,1,1165.69,2.4745,0.02,743.90,1.9320,3135.00,3.2320,4505.83,3.9773,0.02,112.25,83.21,191.70,0.0991,0.0374,0.1448,14484.05,10.9409,191.84,14494.99,0.013235,0.0132158,0.01449,
12/8/2016,14:40,T21,64,63.99,IB 20-M1,IB 20,M,1,3135.00,3.2320,0.02,627.11,2.0816,3477.82,3.3702,5112.14,4.1090,0.02,127.35,49.25,240.95,0.1024,0.0218,0.1666,18205.46,12.5915,241.12,18218.05,0.013235,0.0132109,0.01822,
12/8/2016,14:40,T21,64,63.99,IB 20-M1,IB 20,M,1,opened bottles to atmosphere,opened bottles to atmosphere,0.02,,,656.49,2.0791,,,,,,240.95,0.0000,,0.1666,,,,,,0.0000000,,
12/20/2016,9:30,T22,76,75.77,IB 20-M1,IB 20,M,1,656.49,2.0791,0.02,510.75,1.9737,1811.82,2.5524,2557.73,2.8842,0.02,63.72,47.36,288.31,0.0718,0.0201,0.1867,21784.00,14.1069,288.50,21798.10,0.013235,0.0132062,0.02180,Bottle opened to atm prior to incubation
1/4/2017,14:00,T23,91,90.96,IB 20-M1,IB 20,M,1,1811.82,2.5524,0.02,554.00,1.9850,3368.00,3.1480,4981.28,3.8148,0.02,124.09,78.95,367.27,0.0950,0.0314,0.2182,27749.59,16.4829,367.48,27766.08,0.013235,0.0131983,0.02777,
1/10/2017,10:00,T24,97,96.79,IB 20-M1,IB 20,M,1,3368.00,3.1480,0.02,547.00,2.0380,3510.00,3.1960,5208.70,3.8599,0.02,129.75,45.85,413.12,0.0962,0.0177,0.2359,31214.19,17.8228,413.36,31232.01,0.013235,0.0131937,0.03123,
1/18/2017,11:00,T25,105,104.83,IB 20-M1,IB 20,M,1,3510.00,3.1960,0.02,488.00,1.9152,3785.00,3.2755,5675.18,4.0554,0.02,141.38,53.94,467.06,0.1010,0.0214,0.2573,35289.52,19.4403,467.31,35308.96,0.013235,0.0131883,0.03531,
1/25/2017,13:30,T26,112,111.94,IB 20-M1,IB 20,M,1,3785.00,3.2755,0.02,545.60,2.0430,3858.00,3.3280,5757.01,4.0647,0.02,143.41,49.13,516.18,0.1013,0.0197,0.2770,39001.27,20.9257,516.46,39022.20,0.013235,0.0131834,0.03902,
2/1/2017,10:30,T27,119,118.81,IB 20-M1,IB 20,M,1,3858.00,3.3280,0.02,595.00,2.0389,4051.00,3.4356,6032.34,4.2363,0.02,150.27,54.17,570.35,0.1055,0.0226,0.2996,43093.84,22.6354,570.65,43116.48,0.013235,0.0131780,0.04312,
2/8/2017,14:00,T28,126,125.96,IB 20-M1,IB 20,M,1,4051.00,3.4356,0.02,488.00,1.9517,4141.00,3.4910,6235.28,4.3735,0.02,155.33,54.41,624.76,0.1089,0.0234,0.3229,47205.13,24.4007,625.08,47229.53,0.013235,0.0131725,0.04723,
2/15/2017,14:35,T29,133,132.98,IB 20-M1,IB 20,M,1,4141.00,3.4910,0.02,613.60,2.0200,4141.40,3.4888,6163.90,4.3309,0.02,153.55,50.39,675.15,0.1079,0.0209,0.3439,51012.66,25.9815,675.50,51038.64,0.013235,0.0131675,0.05104,
2/22/2017,13:30,T30,140,139.94,IB 20-M1,IB 20,M,1,4141.40,3.4888,0.02,514.90,1.8920,4128.00,3.4520,6199.40,4.3464,0.02,154.43,51.27,726.42,0.1083,0.0214,0.3652,54886.27,27.5956,726.79,54913.86,0.013235,0.0131623,0.05491,
3/2/2017,9:40,T31,148,147.78,IB 20-M1,IB 20,M,1,4128.00,3.4520,0.02,494.00,1.9410,4223.00,3.4880,6360.85,4.3749,0.02,158.46,55.62,782.04,0.1090,0.0230,0.3882,59088.97,29.3327,782.43,59118.30,0.013235,0.0131568,0.05912,
3/7/2017,14:17,T32,153,152.97,IB 20-M1,IB 20,M,1,4223.00,3.4880,0.02,408.40,1.9190,4201.20,3.4730,6375.63,4.3639,0.02,158.82,53.62,835.67,0.1087,0.0218,0.4100,63140.68,30.9814,836.08,63171.66,0.013235,0.0131514,0.06317,
3/15/2017,15:00,T33,161,161.00,IB 20-M1,IB 20,M,1,4201.20,3.4730,0.02,467.02,1.9155,4356.50,3.5440,6586.35,4.4776,0.02,164.07,59.42,895.08,0.1115,0.0250,0.4351,67630.05,32.8723,895.52,67662.92,0.013235,0.0131455,0.06766,
10/5/2016,15:00,T7,0,0.00,IB 20-M2,IB 20,M,2,,,0.02,,,451.20,2.0170,709.87,3.1734,0.02,17.68,0.00,0.00,0.0791,0.0000,0.0000,0.00,0.0000,0.00,0.00,0.010718,0.0107178,0.00000,
10/6/2016,15:30,T8,1,1.02,IB 20-M2,IB 20,M,2,451.20,2.0170,0.02,422.49,1.8634,473.82,2.0175,503.25,2.1058,0.02,12.54,1.30,1.30,0.0525,0.0022,0.0022,120.97,0.2065,1.30,121.18,0.010718,0.0107177,0.00012,
10/7/2016,11:13,T9,2,1.84,IB 20-M2,IB 20,M,2,473.82,2.0175,0.02,444.13,1.8435,499.31,2.0206,530.94,2.1221,0.02,13.23,1.42,2.72,0.0529,0.0026,0.0048,253.75,0.4497,2.72,254.20,0.010718,0.0107175,0.00025,
10/11/2016,15:11,T10,6,6.01,IB 20-M2,IB 20,M,2,499.31,2.0206,0.02,554.03,1.9993,663.60,2.1902,726.42,2.2996,0.02,18.10,5.66,8.38,0.0573,0.0070,0.0118,781.61,1.0983,8.39,782.71,0.010718,0.0107169,0.00078,
10/14/2016,15:25,T11,9,9.02,IB 20-M2,IB 20,M,2,663.60,2.1902,0.02,465.53,1.9883,790.55,2.2461,976.89,2.3939,0.02,24.34,7.80,16.18,0.0596,0.0051,0.0168,1509.77,1.5717,16.20,1511.34,0.010718,0.0107162,0.00151,
10/17/2016,10:20,T12,12,11.81,IB 20-M2,IB 20,M,2,790.55,2.2461,0.02,553.33,1.9385,847.61,2.2795,1016.32,2.4750,0.02,25.32,5.62,21.81,0.0617,0.0057,0.0225,2034.53,2.1037,21.83,2036.63,0.010718,0.0107156,0.00204,
10/20/2016,11:07,T13,15,14.84,IB 20-M2,IB 20,M,2,847.61,2.2795,0.02,474.17,1.8830,869.31,2.2935,1095.85,2.5288,0.02,27.30,6.18,27.99,0.0630,0.0062,0.0288,2611.50,2.6833,28.02,2614.18,0.010718,0.0107150,0.00261,
10/24/2016,12:11,T14,19,18.88,IB 20-M2,IB 20,M,2,869.31,2.2935,0.02,426.14,1.9818,899.82,2.3814,1171.38,2.6105,0.02,29.18,7.52,35.51,0.0650,0.0079,0.0367,3313.60,3.4201,35.55,3317.02,0.010718,0.0107142,0.00332,
10/26/2016,15:39,T15,21,21.03,IB 20-M2,IB 20,M,2,899.82,2.3814,0.02,460.69,2.0836,868.39,2.3899,1102.13,2.5655,0.02,27.46,5.04,40.55,0.0639,0.0046,0.0412,3783.81,3.8480,40.60,3787.66,0.010718,0.0107137,0.00379,
10/26/2016,16:40,T15,21,21.07,IB 20-M2,IB 20,M,2,opened bottles to atmosphere,opened bottles to atmosphere,0.02,,,641.31,2.1404,,,,,,40.55,0.0000,,0.0412,,,,,,,,*opened bottles to atmosphere*
10/28/2016,13:45,T16,23,22.95,IB 20-M2,IB 20,M,2,641.31,2.1404,0.02,479.71,1.9682,669.27,2.1585,777.95,2.2676,0.02,19.38,3.40,43.96,0.0565,0.0032,0.0444,4101.39,4.1436,44.00,4105.53,0.010718,0.0107134,0.00411,Bottle opened to atm prior to incubation
10/31/2016,15:05,T15,26,26.00,IB 20-M2,IB 20,M,2,669.27,2.1585,0.02,487.25,1.9647,721.25,2.2050,855.40,2.3428,0.02,21.31,4.64,48.59,0.0584,0.0046,0.0490,4534.02,4.5719,48.64,4538.59,0.010718,0.0107129,0.00454,
11/2/2016,14:25,T16,28,27.98,IB 20-M2,IB 20,M,2,721.25,2.2050,0.02,408.34,1.9103,722.53,2.2076,902.66,2.3780,0.02,22.49,4.52,53.11,0.0592,0.0043,0.0533,4955.66,4.9741,53.17,4960.63,0.010718,0.0107125,0.00496,
11/4/2016,10:25,T17,30,29.81,IB 20-M2,IB 20,M,2,722.53,2.2076,0.02,485.67,1.9354,741.29,2.2131,887.84,2.3723,0.02,22.12,4.12,57.23,0.0591,0.0041,0.0574,5339.88,5.3569,57.29,5345.23,0.010718,0.0107121,0.00535,
11/7/2016,15:28,T18,33,33.02,IB 20-M2,IB 20,M,2,741.29,2.2131,0.02,479.15,1.9367,800.62,2.2617,984.92,2.4480,0.02,24.54,6.07,63.30,0.0610,0.0059,0.0633,5906.14,5.9030,63.36,5912.04,0.010718,0.0107115,0.00591,
11/10/2016,9:58,T19,36,35.79,IB 20-M2,IB 20,M,2,800.62,2.2617,0.02,485.44,1.9743,839.00,2.2784,1041.70,2.4527,0.02,25.95,6.01,69.31,0.0611,0.0048,0.0680,6466.47,6.3470,69.37,6472.82,0.010718,0.0107109,0.00647,
12/1/2016,11:00,T20,57,56.83,IB 20-M2,IB 20,M,2,839.00,2.2784,0.02,739.00,1.9350,2014.00,2.6730,2744.96,3.0961,0.02,68.38,47.48,116.79,0.0771,0.0204,0.0884,10896.46,8.2475,116.87,10904.71,0.010718,0.0107061,0.01090,
12/8/2016,14:40,T21,64,63.99,IB 20-M2,IB 20,M,2,2014.00,2.6730,0.02,632.81,2.0869,2352.33,2.7490,3338.14,3.1286,0.02,83.16,32.99,149.77,0.0779,0.0113,0.0997,13974.13,9.3065,149.87,13983.44,0.010718,0.0107028,0.01398,
12/8/2016,14:40,T21,64,63.99,IB 20-M2,IB 20,M,2,opened bottles to atmosphere,opened bottles to atmosphere,0.02,,,648.56,2.0797,,,,,,149.77,0.0000,,0.0997,,,,,,0.0000000,,
12/20/2016,9:30,T22,76,75.77,IB 20-M2,IB 20,M,2,648.56,2.0797,0.02,496.59,2.0339,1345.59,2.2529,1832.33,2.3785,0.02,45.65,29.49,179.26,0.0592,0.0074,0.1072,16725.53,10.0008,179.37,16735.53,0.010718,0.0106999,0.01674,Bottle opened to atm prior to incubation
1/4/2017,14:00,T23,91,90.96,IB 20-M2,IB 20,M,2,1345.59,2.2529,0.02,558.00,2.4380,2223.00,2.5770,3177.55,2.6567,0.02,79.16,45.64,224.90,0.0662,0.0101,0.1172,20983.52,10.9394,225.01,20994.46,0.010718,0.0106953,0.02099,
1/10/2017,10:00,T24,97,96.79,IB 20-M2,IB 20,M,2,2223.00,2.5770,0.02,552.00,2.0390,2250.00,2.5750,3223.47,2.8823,0.02,80.30,24.92,249.82,0.0718,0.0076,0.1249,23308.89,11.6489,249.94,23320.54,0.010718,0.0106928,0.02332,
1/18/2017,11:00,T25,105,104.83,IB 20-M2,IB 20,M,2,2250.00,2.5750,0.02,519.00,1.9137,2368.00,2.5610,3428.04,2.9321,0.02,85.40,29.35,279.17,0.0730,0.0089,0.1337,26046.98,12.4789,279.30,26059.46,0.010718,0.0106899,0.02606,
1/25/2017,13:30,T26,112,111.94,IB 20-M2,IB 20,M,2,2368.00,2.5610,0.02,543.80,2.0387,2416.90,2.5664,3490.76,2.8689,0.02,86.96,27.97,307.14,0.0715,0.0077,0.1414,28656.58,13.1947,307.28,28669.78,0.010718,0.0106871,0.02867,
2/1/2017,10:30,T27,119,118.81,IB 20-M2,IB 20,M,2,2416.90,2.5664,0.02,597.10,2.0010,2492.70,2.5830,3579.45,2.9167,0.02,89.17,28.96,336.10,0.0727,0.0087,0.1501,31358.68,14.0088,336.25,31372.69,0.010718,0.0106842,0.03137,
2/8/2017,14:00,T28,126,125.96,IB 20-M2,IB 20,M,2,2492.70,2.5830,0.02,493.70,1.9480,2045.00,2.5370,2934.37,2.8747,0.02,73.10,11.00,347.10,0.0716,0.0073,0.1574,32385.24,14.6867,347.26,32399.93,0.010718,0.0106831,0.03240,
2/15/2017,14:35,T29,133,132.98,IB 20-M2,IB 20,M,2,2045.00,2.5370,0.02,610.60,1.9689,2037.90,2.5200,2856.18,2.8359,0.02,71.15,20.21,367.31,0.0706,0.0074,0.1649,34270.64,15.3815,367.47,34286.02,0.010718,0.0106810,0.03429,
2/22/2017,13:30,T30,140,139.94,IB 20-M2,IB 20,M,2,2037.90,2.5200,0.02,527.50,1.9080,2144.80,2.5020,3072.00,2.8425,0.02,76.53,25.76,393.07,0.0708,0.0080,0.1729,36674.19,16.1312,393.24,36690.32,0.010718,0.0106785,0.03669,
3/2/2017,9:40,T31,148,147.78,IB 20-M2,IB 20,M,2,2144.80,2.5020,0.02,492.00,1.9430,2308.00,2.5170,3349.12,2.8461,0.02,83.43,30.00,423.07,0.0709,0.0086,0.1815,39473.37,16.9310,423.25,39490.30,0.010718,0.0106755,0.03949,
3/7/2017,14:17,T32,153,152.97,IB 20-M2,IB 20,M,2,2308.00,2.5170,0.02,417.70,1.9190,2279.30,2.4780,3346.56,2.7985,0.02,83.37,25.87,448.94,0.0697,0.0070,0.1885,41887.28,17.5852,449.13,41904.86,0.010718,0.0106729,0.04190,
3/15/2017,15:00,T33,161,161.00,IB 20-M2,IB 20,M,2,2279.30,2.4780,0.02,471.60,1.9170,2213.50,2.4730,3212.14,2.7918,0.02,80.02,23.24,472.18,0.0695,0.0078,0.1963,44055.45,18.3144,472.37,44073.77,0.010718,0.0106706,0.04407,
10/5/2016,15:00,T7,0,0.00,IB 20-M3,IB 20,M,3,,,0.02,,,444.80,2.0300,699.81,3.1938,0.02,17.43,0.00,0.00,0.0796,0.0000,0.0000,0.00,0.0000,0.00,0.00,0.008184,0.0081841,0.00000,
10/6/2016,15:30,T8,1,1.02,IB 20-M3,IB 20,M,3,444.80,2.0300,0.02,424.89,1.8636,461.95,2.0406,483.20,2.1421,0.02,12.04,0.96,0.96,0.0534,0.0028,0.0028,116.87,0.3411,0.96,117.21,0.008184,0.0081840,0.00012,
10/7/2016,11:13,T9,2,1.84,IB 20-M3,IB 20,M,3,461.95,2.0406,0.02,440.37,1.8597,479.75,2.0466,502.33,2.1538,0.02,12.51,1.01,1.96,0.0537,0.0028,0.0056,239.77,0.6855,1.97,240.46,0.008184,0.0081839,0.00024,
10/11/2016,15:11,T10,6,6.01,IB 20-M3,IB 20,M,3,479.75,2.0466,0.02,548.45,2.0105,623.36,2.2356,666.31,2.3647,0.02,16.60,4.65,6.61,0.0589,0.0079,0.0135,807.62,1.6536,6.62,809.27,0.008184,0.0081835,0.00081,
10/14/2016,15:25,T11,9,9.02,IB 20-M3,IB 20,M,3,623.36,2.2356,0.02,469.15,1.9900,700.23,2.3021,832.71,2.4810,0.02,20.74,5.22,11.82,0.0618,0.0061,0.0196,1444.84,2.4007,11.84,1447.25,0.008184,0.0081829,0.00145,
10/17/2016,10:20,T12,12,11.81,IB 20-M3,IB 20,M,3,700.23,2.3021,0.02,534.61,1.9295,764.68,2.3679,896.58,2.6192,0.02,22.33,4.89,16.72,0.0652,0.0079,0.0275,2042.50,3.3660,16.74,2045.87,0.008184,0.0081824,0.00205,
10/20/2016,11:07,T13,15,14.84,IB 20-M3,IB 20,M,3,764.68,2.3679,0.02,483.61,1.8895,796.38,2.3958,975.69,2.6861,0.02,24.31,5.26,21.97,0.0669,0.0079,0.0355,2684.79,4.3344,22.01,2689.12,0.008184,0.0081819,0.00269,
10/24/2016,12:11,T14,19,18.88,IB 20-M3,IB 20,M,3,796.38,2.3958,0.02,423.38,1.9880,850.51,2.5183,1095.39,2.8223,0.02,27.29,7.45,29.42,0.0703,0.0106,0.0461,3594.91,5.6327,29.47,3600.54,0.008184,0.0081812,0.00360,
10/26/2016,15:39,T15,21,21.03,IB 20-M3,IB 20,M,3,850.51,2.5183,0.02,460.54,2.0905,837.22,2.5237,1053.17,2.7721,0.02,26.24,5.05,34.47,0.0691,0.0063,0.0524,4211.78,6.4051,34.52,4218.19,0.008184,0.0081807,0.00422,
10/26/2016,16:40,T15,21,21.07,IB 20-M3,IB 20,M,3,opened bottles to atmosphere,opened bottles to atmosphere,0.02,,,683.28,2.2814,,,,,,34.47,0.0000,,0.0524,,,,,,,,*opened bottles to atmosphere*
10/28/2016,13:45,T16,23,22.95,IB 20-M3,IB 20,M,3,683.28,2.2814,0.02,480.31,1.9668,710.93,2.3040,843.15,2.4973,0.02,21.00,3.98,38.45,0.0622,0.0054,0.0578,4698.39,7.0623,38.51,4705.45,0.008184,0.0081803,0.00471,Bottle opened to atm prior to incubation
10/31/2016,15:05,T15,26,26.00,IB 20-M3,IB 20,M,3,710.93,2.3040,0.02,489.39,1.9626,770.30,2.3583,931.35,2.5852,0.02,23.20,5.49,43.94,0.0644,0.0070,0.0648,5369.30,7.9181,44.01,5377.22,0.008184,0.0081797,0.00538,
11/2/2016,14:25,T16,28,27.98,IB 20-M3,IB 20,M,3,770.30,2.3583,0.02,406.91,1.9095,777.64,2.3626,990.18,2.6224,0.02,24.67,5.48,49.42,0.0653,0.0066,0.0714,6038.58,8.7219,49.49,6047.30,0.008184,0.0081792,0.00605,
11/4/2016,10:25,T17,30,29.81,IB 20-M3,IB 20,M,3,777.64,2.3626,0.02,488.34,1.9233,818.06,2.3707,1007.09,2.6272,0.02,25.09,5.72,55.14,0.0654,0.0066,0.0780,6736.99,9.5273,55.21,6746.52,0.008184,0.0081786,0.00675,
11/7/2016,15:28,T18,33,33.02,IB 20-M3,IB 20,M,3,818.06,2.3707,0.02,483.26,1.9437,924.15,2.4476,1176.91,2.7365,0.02,29.32,8.94,64.08,0.0682,0.0091,0.0871,7829.28,10.6407,64.16,7839.92,0.008184,0.0081777,0.00784,
11/10/2016,9:58,T19,36,35.79,IB 20-M3,IB 20,M,3,924.15,2.4476,0.02,482.52,1.9569,978.10,2.4661,1262.22,2.7580,0.02,31.44,8.42,72.50,0.0687,0.0077,0.0948,8858.31,11.5855,72.59,8869.89,0.008184,0.0081769,0.00887,
12/1/2016,11:00,T20,57,56.83,IB 20-M3,IB 20,M,3,978.10,2.4661,0.02,747.00,1.9290,2576.00,3.2010,3624.57,3.9302,0.02,90.29,65.93,138.42,0.0979,0.0365,0.1313,16913.74,16.0422,138.56,16929.78,0.008184,0.0081703,0.01693,
12/8/2016,14:40,T21,64,63.99,IB 20-M3,IB 20,M,3,2576.00,3.2010,0.02,640.45,2.0940,3062.67,3.3919,4451.34,4.1360,0.02,110.89,46.72,185.14,0.1030,0.0233,0.1546,22621.96,18.8881,185.30,22640.85,0.008184,0.0081656,0.02264,
12/8/2016,14:40,T21,64,63.99,IB 20-M3,IB 20,M,3,opened bottles to atmosphere,opened bottles to atmosphere,0.02,,,657.07,2.0778,,,,,,185.14,0.0000,,0.1546,,,,,,0.0000000,,
12/20/2016,9:30,T22,76,75.77,IB 20-M3,IB 20,M,3,657.07,2.0778,0.02,495.47,1.9923,1150.46,2.2391,1525.97,2.3806,0.02,38.01,21.65,206.79,0.0593,0.0075,0.1621,25266.75,19.8098,206.95,25286.56,0.008184,0.0081634,0.02529,Bottle opened to atm prior to incubation
1/4/2017,14:00,T23,91,90.96,IB 20-M3,IB 20,M,3,1150.46,2.2391,0.02,557.00,2.2210,2422.00,2.8540,3491.21,3.2169,0.02,86.97,58.31,265.10,0.0801,0.0244,0.1865,32391.61,22.7860,265.28,32414.40,0.008184,0.0081576,0.03241,
1/10/2017,10:00,T24,97,96.79,IB 20-M3,IB 20,M,3,2422.00,2.8540,0.02,554.00,2.0240,2539.00,2.9320,3677.01,3.4526,0.02,91.60,31.26,296.36,0.0860,0.0149,0.2014,36211.65,24.6080,296.56,36236.26,0.008184,0.0081545,0.03624,
1/18/2017,11:00,T25,105,104.83,IB 20-M3,IB 20,M,3,2539.00,2.9320,0.02,558.00,1.9275,2665.00,3.0540,3872.95,3.6998,0.02,96.48,33.23,329.59,0.0922,0.0191,0.2205,40271.98,26.9451,329.81,40298.93,0.008184,0.0081511,0.04030,
1/25/2017,13:30,T26,112,111.94,IB 20-M3,IB 20,M,3,2665.00,3.0540,0.02,565.80,2.0240,2454.70,3.1117,3537.61,3.7353,0.02,88.13,21.74,351.33,0.0931,0.0170,0.2375,42928.08,29.0188,351.57,42957.10,0.008184,0.0081490,0.04296,
2/1/2017,10:30,T27,119,118.81,IB 20-M3,IB 20,M,3,2454.70,3.1117,0.02,607.30,2.0290,2633.50,3.2130,3795.13,3.8918,0.02,94.54,33.39,384.72,0.0969,0.0194,0.2569,47008.12,31.3933,384.98,47039.52,0.008184,0.0081456,0.04704,
2/8/2017,14:00,T28,126,125.96,IB 20-M3,IB 20,M,3,2633.50,3.2130,0.02,507.00,1.9503,2711.00,3.2556,3974.56,4.0039,0.02,99.01,33.41,418.13,0.0997,0.0197,0.2766,51090.10,33.8008,418.40,51123.90,0.008184,0.0081423,0.05112,
2/15/2017,14:35,T29,133,132.98,IB 20-M3,IB 20,M,3,2711.00,3.2556,0.02,605.00,1.9670,2760.00,3.2670,3995.47,4.0123,0.02,99.53,32.00,450.13,0.1000,0.0189,0.2955,54999.81,36.1040,450.42,55035.92,0.008184,0.0081391,0.05504,
2/22/2017,13:30,T30,140,139.94,IB 20-M3,IB 20,M,3,2760.00,3.2670,0.02,532.60,1.9100,2814.00,3.2930,4121.94,4.0859,0.02,102.68,33.93,484.05,0.1018,0.0204,0.3159,59145.32,38.5965,484.37,59183.92,0.008184,0.0081357,0.05918,
3/2/2017,9:40,T31,148,147.78,IB 20-M3,IB 20,M,3,2814.00,3.2930,0.02,487.90,1.9260,2911.00,3.3710,4300.17,4.1994,0.02,107.12,37.02,521.07,0.1046,0.0226,0.3385,63668.99,41.3556,521.41,63710.35,0.008184,0.0081320,0.06371,
3/7/2017,14:17,T32,153,152.97,IB 20-M3,IB 20,M,3,2911.00,3.3710,0.02,408.70,1.9060,2752.30,3.2910,4095.89,4.0850,0.02,102.03,29.52,550.59,0.1018,0.0178,0.3562,67275.62,43.5289,550.95,67319.15,0.008184,0.0081290,0.06732,
3/15/2017,15:00,T33,161,161.00,IB 20-M3,IB 20,M,3,2752.30,3.2910,0.02,473.00,1.9170,2811.60,3.3680,4152.33,4.1999,0.02,103.44,34.88,585.47,0.1046,0.0226,0.3789,71537.08,46.2954,585.85,71583.37,0.008184,0.0081255,0.07158,
10/5/2016,15:00,T7,0,0.00,IB 20-S1,IB 20,S,1,,,0.02,,,545.55,2.0270,858.32,3.1891,0.02,21.38,0.00,0.00,0.0794,0.0000,0.0000,0.00,0.0000,0.00,0.00,0.008072,0.0080720,0.00000,
10/6/2016,15:30,T8,1,1.02,IB 20-S1,IB 20,S,1,545.55,2.0270,0.02,422.09,1.8753,599.30,2.0433,700.90,2.1396,0.02,17.46,3.87,3.87,0.0533,0.0028,0.0028,479.41,0.3475,3.87,479.76,0.008072,0.0080716,0.00048,
10/7/2016,11:13,T9,2,1.84,IB 20-S1,IB 20,S,1,599.30,2.0433,0.02,438.62,1.8384,632.56,2.0425,743.75,2.1595,0.02,18.53,3.60,7.47,0.0538,0.0029,0.0057,925.19,0.7062,7.47,925.90,0.008072,0.0080713,0.00093,
10/11/2016,15:11,T10,6,6.01,IB 20-S1,IB 20,S,1,632.56,2.0425,0.02,554.45,2.0166,837.10,2.2301,999.14,2.3525,0.02,24.89,9.13,16.60,0.0586,0.0077,0.0134,2056.51,1.6629,16.61,2058.17,0.008072,0.0080704,0.00206,
10/14/2016,15:25,T11,9,9.02,IB 20-S1,IB 20,S,1,837.10,2.2301,0.02,475.89,1.9878,852.69,2.2968,1068.71,2.4740,0.02,26.62,5.77,22.37,0.0616,0.0061,0.0195,2771.28,2.4154,22.39,2773.70,0.008072,0.0080698,0.00277,
10/17/2016,10:20,T12,12,11.81,IB 20-S1,IB 20,S,1,852.69,2.2968,0.02,550.81,1.9469,908.78,2.3600,1114.01,2.5968,0.02,27.75,6.51,28.88,0.0647,0.0075,0.0270,3577.73,3.3414,28.91,3581.07,0.008072,0.0080691,0.00358,
10/20/2016,11:07,T13,15,14.84,IB 20-S1,IB 20,S,1,908.78,2.3600,0.02,479.86,1.9019,963.62,2.4085,1240.96,2.6989,0.02,30.91,8.28,37.15,0.0672,0.0084,0.0354,4602.88,4.3874,37.19,4607.27,0.008072,0.0080683,0.00461,
10/24/2016,12:11,T14,19,18.88,IB 20-S1,IB 20,S,1,963.62,2.4085,0.02,436.50,2.0100,1071.87,2.5300,1436.13,2.8281,0.02,35.78,11.77,48.93,0.0705,0.0105,0.0459,6061.10,5.6823,48.97,6066.78,0.008072,0.0080671,0.00607,
10/26/2016,15:39,T15,21,21.03,IB 20-S1,IB 20,S,1,1071.87,2.5300,0.02,463.09,2.0428,1063.78,2.5253,1408.16,2.8019,0.02,35.08,8.38,57.30,0.0698,0.0068,0.0526,7098.92,6.5215,57.36,7105.44,0.008072,0.0080663,0.00711,
10/26/2016,16:40,T15,21,21.07,IB 20-S1,IB 20,S,1,opened bottles to atmosphere,opened bottles to atmosphere,0.02,,,692.55,2.1756,,,,,,57.30,0.0000,,0.0526,,,,,,,,*opened bottles to atmosphere*
10/28/2016,13:45,T16,23,22.95,IB 20-S1,IB 20,S,1,692.55,2.1756,0.02,491.57,1.9628,766.50,2.2086,924.12,2.3495,0.02,23.02,5.77,63.07,0.0585,0.0043,0.0570,7813.56,7.0582,63.13,7820.62,0.008072,0.0080657,0.00782,Bottle opened to atm prior to incubation
10/31/2016,15:05,T15,26,26.00,IB 20-S1,IB 20,S,1,766.50,2.2086,0.02,504.58,1.9706,913.69,2.2978,1148.23,2.4854,0.02,28.60,9.51,72.58,0.0619,0.0069,0.0639,8991.64,7.9124,72.64,8999.55,0.008072,0.0080648,0.00900,
11/2/2016,14:25,T16,28,27.98,IB 20-S1,IB 20,S,1,913.69,2.2978,0.02,406.91,1.9103,979.19,2.3066,1307.28,2.5338,0.02,32.57,9.80,82.39,0.0631,0.0059,0.0697,10206.30,8.6407,82.46,10214.94,0.008072,0.0080638,0.01021,
11/4/2016,10:25,T17,30,29.81,IB 20-S1,IB 20,S,1,979.19,2.3066,0.02,486.96,1.9363,1061.14,2.3311,1390.32,2.5574,0.02,34.63,10.24,92.63,0.0637,0.0062,0.0760,11475.09,9.4149,92.70,11484.50,0.008072,0.0080628,0.01148,
11/7/2016,15:28,T18,33,33.02,IB 20-S1,IB 20,S,1,1061.14,2.3311,0.02,485.72,1.9613,1285.70,2.4050,1744.33,2.6594,0.02,43.45,17.02,109.65,0.0662,0.0082,0.0842,13583.49,10.4280,109.73,13593.92,0.008072,0.0080611,0.01359,
11/10/2016,9:58,T19,36,35.79,IB 20-S1,IB 20,S,1,1285.70,2.4050,0.02,478.35,1.9811,1420.08,2.4388,1959.98,2.7012,0.02,48.83,16.80,126.44,0.0673,0.0074,0.0916,15664.39,11.3421,126.53,15675.73,0.008072,0.0080594,0.01568,
12/1/2016,11:00,T20,57,56.83,IB 20-S1,IB 20,S,1,1420.08,2.4388,0.02,718.00,1.9890,3147.00,3.2000,4539.56,3.8943,0.02,113.09,77.71,204.15,0.0970,0.0363,0.1278,25291.42,15.8338,204.28,25307.26,0.008072,0.0080516,0.02531,
12/8/2016,14:40,T21,64,63.99,IB 20-S1,IB 20,S,1,3147.00,3.2000,0.02,615.28,2.0968,3332.01,3.3150,4889.52,4.0134,0.02,121.80,43.41,247.56,0.1000,0.0203,0.1481,30669.03,18.3440,247.71,30687.38,0.008072,0.0080473,0.03069,
12/8/2016,14:40,T21,64,63.99,IB 20-S1,IB 20,S,1,opened bottles to atmosphere,opened bottles to atmosphere,0.02,,,681.31,2.0928,,,,,,247.56,0.0000,,0.1481,,,,,,0.0000000,,
12/20/2016,9:30,T22,76,75.77,IB 20-S1,IB 20,S,1,681.31,2.0928,0.02,486.00,1.9768,1610.04,2.4538,2254.46,2.7273,0.02,56.16,39.19,286.75,0.0679,0.0158,0.1639,35523.93,20.3021,286.91,35544.23,0.008072,0.0080433,0.03554,Bottle opened to atm prior to incubation
1/4/2017,14:00,T23,91,90.96,IB 20-S1,IB 20,S,1,1610.04,2.4538,0.02,619.00,2.0168,2883.00,3.0460,4180.96,3.6360,0.02,104.15,64.04,350.79,0.0906,0.0295,0.1933,43458.07,23.9506,350.99,43482.02,0.008072,0.0080369,0.04348,
1/10/2017,10:00,T24,97,96.79,IB 20-S1,IB 20,S,1,2883.00,3.0460,0.02,545.00,2.0560,2921.00,3.1120,4283.17,3.7174,0.02,106.70,34.88,385.67,0.0926,0.0167,0.2101,47779.14,26.0227,385.88,47805.17,0.008072,0.0080334,0.04781,
1/18/2017,11:00,T25,105,104.83,IB 20-S1,IB 20,S,1,2921.00,3.1120,0.02,534.00,1.9450,3057.00,3.1759,4503.45,3.8816,0.02,112.19,39.42,425.09,0.0967,0.0192,0.2292,52662.74,28.3977,425.32,52691.14,0.008072,0.0080295,0.05269,
1/25/2017,13:30,T26,112,111.94,IB 20-S1,IB 20,S,1,3057.00,3.1759,0.02,545.00,2.0500,3093.00,3.2400,4553.78,3.9222,0.02,113.44,37.29,462.38,0.0977,0.0186,0.2478,57281.96,30.7009,462.63,57312.66,0.008072,0.0080258,0.05731,
2/1/2017,10:30,T27,119,118.81,IB 20-S1,IB 20,S,1,3093.00,3.2400,0.02,603.00,2.0620,3134.00,3.3010,4585.03,4.0113,0.02,114.22,37.17,499.55,0.0999,0.0192,0.2670,61886.53,33.0813,499.82,61919.62,0.008072,0.0080220,0.06192,
2/8/2017,14:00,T28,126,125.96,IB 20-S1,IB 20,S,1,3134.00,3.3010,0.02,499.80,1.9813,2704.00,3.3617,3967.68,4.1531,0.02,98.84,20.77,520.32,0.1035,0.0212,0.2883,64459.35,35.7109,520.61,64495.06,0.008072,0.0080200,0.06450,
2/15/2017,14:35,T29,133,132.98,IB 20-S1,IB 20,S,1,2704.00,3.3617,0.02,593.30,1.9890,2182.10,3.3189,3092.97,4.0813,0.02,77.05,9.69,530.01,0.1017,0.0179,0.3062,65659.74,37.9318,530.31,65697.67,0.008072,0.0080190,0.06570,
2/22/2017,13:30,T30,140,139.94,IB 20-S1,IB 20,S,1,2182.10,3.3189,0.02,510.00,1.9180,2199.00,3.3150,3167.31,4.1159,0.02,78.90,24.54,554.55,0.1025,0.0199,0.3260,68700.20,40.3915,554.88,68740.60,0.008072,0.0080165,0.06874,
3/2/2017,9:40,T31,148,147.78,IB 20-S1,IB 20,S,1,2199.00,3.3150,0.02,510.00,1.9527,2333.00,3.3160,3378.13,4.0976,0.02,84.15,29.37,583.92,0.1021,0.0195,0.3455,72339.14,42.8066,584.27,72381.94,0.008072,0.0080136,0.07238,
3/7/2017,14:17,T32,153,152.97,IB 20-S1,IB 20,S,1,2333.00,3.3160,0.02,405.50,1.9060,2316.80,3.2760,3412.56,4.0614,0.02,85.01,26.89,610.82,0.1012,0.0186,0.3641,75670.76,45.1071,611.18,75715.87,0.008072,0.0080109,0.07572,
3/15/2017,15:00,T33,161,161.00,IB 20-S1,IB 20,S,1,2316.80,3.2760,0.02,475.10,1.9550,2546.40,3.3930,3733.88,4.2174,0.02,93.02,35.30,646.12,0.1051,0.0235,0.3876,80044.04,48.0124,646.50,80092.05,0.008072,0.0080074,0.08009,
10/5/2016,15:00,T7,0,0.00,IB 20-S2,IB 20,S,2,,,0.02,,,580.00,2.0230,912.52,3.1828,0.02,22.73,0.00,0.00,0.0793,0.0000,0.0000,0.00,0.0000,0.00,0.00,0.007225,0.0072255,0.00000,
10/6/2016,15:30,T8,1,1.02,IB 20-S2,IB 20,S,2,580.00,2.0230,0.02,422.38,1.8787,651.68,2.0281,783.14,2.1138,0.02,19.51,5.06,5.06,0.0527,0.0023,0.0023,700.36,0.3129,5.06,700.67,0.007225,0.0072250,0.00070,
10/7/2016,11:13,T9,2,1.84,IB 20-S2,IB 20,S,2,651.68,2.0281,0.02,453.73,1.8837,696.23,2.0232,835.26,2.1032,0.02,20.81,4.57,9.63,0.0524,0.0019,0.0041,1333.27,0.5717,9.64,1333.84,0.007225,0.0072245,0.00133,
10/11/2016,15:11,T10,6,6.01,IB 20-S2,IB 20,S,2,696.23,2.0232,0.02,557.93,2.0019,902.14,2.1657,1099.48,2.2596,0.02,27.39,10.05,19.68,0.0563,0.0059,0.0100,2723.54,1.3868,19.69,2724.92,0.007225,0.0072235,0.00272,
10/14/2016,15:25,T11,9,9.02,IB 20-S2,IB 20,S,2,902.14,2.1657,0.02,473.39,1.9831,911.47,2.2080,1162.62,2.3369,0.02,28.96,6.49,26.17,0.0582,0.0043,0.0143,3621.60,1.9771,26.18,3623.57,0.007225,0.0072229,0.00362,
10/17/2016,10:20,T12,12,11.81,IB 20-S2,IB 20,S,2,911.47,2.2080,0.02,543.89,1.9432,940.46,2.2460,1167.82,2.4196,0.02,29.09,6.39,32.55,0.0603,0.0053,0.0196,4505.39,2.7067,32.57,4508.10,0.007225,0.0072222,0.00451,
10/20/2016,11:07,T13,15,14.84,IB 20-S2,IB 20,S,2,940.46,2.2460,0.02,492.31,1.9012,1011.86,2.2834,1309.72,2.5025,0.02,32.63,9.20,41.75,0.0623,0.0064,0.0259,5778.48,3.5910,41.78,5782.08,0.007225,0.0072213,0.00578,
10/24/2016,12:11,T14,19,18.88,IB 20-S2,IB 20,S,2,1011.86,2.2834,0.02,435.42,2.0050,1149.78,2.3720,1559.33,2.5824,0.02,38.84,13.64,55.39,0.0643,0.0074,0.0334,7665.97,4.6219,55.42,7670.59,0.007225,0.0072199,0.00767,
10/26/2016,15:39,T15,21,21.03,IB 20-S2,IB 20,S,2,1149.78,2.3720,0.02,450.83,2.0178,1160.89,2.3732,1567.97,2.5770,0.02,39.06,10.42,65.81,0.0642,0.0051,0.0385,9107.76,5.3285,65.85,9113.08,0.007225,0.0072189,0.00911,
10/26/2016,16:40,T15,21,21.07,IB 20-S2,IB 20,S,2,opened bottles to atmosphere,opened bottles to atmosphere,0.02,,,652.34,2.0601,,,,,,65.81,0.0000,,0.0385,,,,,,,,*opened bottles to atmosphere*
10/28/2016,13:45,T16,23,22.95,IB 20-S2,IB 20,S,2,652.34,2.0601,0.02,482.88,1.9708,772.69,2.0868,938.84,2.1533,0.02,23.39,7.14,72.94,0.0536,0.0023,0.0408,10095.51,5.6499,72.99,10101.16,0.007225,0.0072182,0.01010,Bottle opened to atm prior to incubation
10/31/2016,15:05,T15,26,26.00,IB 20-S2,IB 20,S,2,772.69,2.0868,0.02,509.84,1.9759,966.01,2.1458,1227.53,2.2432,0.02,30.58,11.33,84.28,0.0559,0.0039,0.0447,11663.67,6.1891,84.32,11669.86,0.007225,0.0072170,0.01167,
11/2/2016,14:25,T16,28,27.98,IB 20-S2,IB 20,S,2,966.01,2.1458,0.02,407.33,1.9125,1043.18,2.1553,1407.72,2.2945,0.02,35.07,11.00,95.28,0.0572,0.0037,0.0484,13186.53,6.7018,95.33,13193.23,0.007225,0.0072159,0.01319,
11/4/2016,10:25,T17,30,29.81,IB 20-S2,IB 20,S,2,1043.18,2.1553,0.02,487.42,1.9242,1103.03,2.1661,1455.96,2.3048,0.02,36.27,10.28,105.56,0.0574,0.0037,0.0521,14609.67,7.2171,105.61,14616.89,0.007225,0.0072149,0.01462,
11/7/2016,15:28,T18,33,33.02,IB 20-S2,IB 20,S,2,1103.03,2.1661,0.02,476.06,1.9365,1280.88,2.2147,1742.29,2.3742,0.02,43.40,15.92,121.49,0.0591,0.0052,0.0573,16813.62,7.9346,121.54,16821.56,0.007225,0.0072133,0.01682,
11/10/2016,9:58,T19,36,35.79,IB 20-S2,IB 20,S,2,1280.88,2.2147,0.02,490.56,1.9840,1407.61,2.2439,1933.36,2.3929,0.02,48.16,16.25,137.74,0.0596,0.0044,0.0618,19063.16,8.5489,137.80,19071.71,0.007225,0.0072117,0.01907,
12/1/2016,11:00,T20,57,56.83,IB 20-S2,IB 20,S,2,1407.61,2.2439,0.02,729.20,1.9380,3249.00,2.6400,4693.61,3.0425,0.02,116.92,81.86,219.60,0.0758,0.0199,0.0817,30392.24,11.3021,219.68,30403.54,0.007225,0.0072035,0.03040,
12/8/2016,14:40,T21,64,63.99,IB 20-S2,IB 20,S,2,3249.00,2.6400,0.02,623.44,2.0884,3422.04,2.7181,5026.49,3.0791,0.02,125.22,44.28,263.88,0.0767,0.0109,0.0926,36520.45,12.8160,263.97,36533.27,0.007225,0.0071991,0.03653,
12/8/2016,14:40,T21,64,63.99,IB 20-S2,IB 20,S,2,opened bottles to atmosphere,opened bottles to atmosphere,0.02,,,650.96,2.0794,,,,,,263.88,0.0000,,0.0926,,,,,,0.0000000,,
12/20/2016,9:30,T22,76,75.77,IB 20-S2,IB 20,S,2,650.96,2.0794,0.02,502.00,1.9782,1685.24,2.2593,2363.60,2.4205,0.02,58.88,42.66,306.54,0.0603,0.0085,0.1011,42425.07,13.9919,306.64,42439.07,0.007225,0.0071948,0.04244,Bottle opened to atm prior to incubation
1/4/2017,14:00,T23,91,90.96,IB 20-S2,IB 20,S,2,1685.24,2.2593,0.02,602.00,1.9990,2511.00,2.5020,3605.44,2.7904,0.02,89.82,47.83,354.38,0.0695,0.0132,0.1143,49045.30,15.8228,354.49,49061.12,0.007225,0.0071900,0.04906,
1/10/2017,10:00,T24,97,96.79,IB 20-S2,IB 20,S,2,2511.00,2.5020,0.02,547.00,2.0260,2442.00,2.5220,3528.41,2.8064,0.02,87.90,25.34,379.72,0.0699,0.0076,0.1219,52553.01,16.8722,379.84,52569.88,0.007225,0.0071875,0.05257,
1/18/2017,11:00,T25,105,104.83,IB 20-S2,IB 20,S,2,2442.00,2.5220,0.02,503.00,1.9230,2373.00,2.5230,3445.08,2.8670,0.02,85.82,24.99,404.71,0.0714,0.0086,0.1305,56011.30,18.0616,404.84,56029.36,0.007225,0.0071850,0.05603,
1/25/2017,13:30,T26,112,111.94,IB 20-S2,IB 20,S,2,2373.00,2.5230,0.02,561.00,2.0270,2236.00,2.5360,3196.28,2.8278,0.02,79.62,20.51,425.22,0.0704,0.0076,0.1381,58849.72,19.1125,425.36,58868.83,0.007225,0.0071829,0.05887,
2/1/2017,10:30,T27,119,118.81,IB 20-S2,IB 20,S,2,2236.00,2.5360,0.02,603.00,2.0499,2262.00,2.5560,3213.11,2.8461,0.02,80.04,24.34,449.56,0.0709,0.0077,0.1458,62218.49,20.1818,449.70,62238.67,0.007225,0.0071805,0.06224,
2/8/2017,14:00,T28,126,125.96,IB 20-S2,IB 20,S,2,2262.00,2.5560,0.02,501.70,1.9727,2379.00,2.5631,3455.26,2.9016,0.02,86.07,29.73,479.28,0.0723,0.0086,0.1544,66332.48,21.3732,479.44,66353.85,0.007225,0.0071775,0.06635,
2/15/2017,14:35,T29,133,132.98,IB 20-S2,IB 20,S,2,2379.00,2.5631,0.02,646.70,2.0048,2340.50,2.5350,3311.56,2.8390,0.02,82.49,23.23,502.52,0.0707,0.0069,0.1613,69547.66,22.3243,502.68,69569.98,0.007225,0.0071752,0.06957,
2/22/2017,13:30,T30,140,139.94,IB 20-S2,IB 20,S,2,2340.50,2.5350,0.02,519.00,1.9110,2206.00,2.5140,3173.16,2.8597,0.02,79.05,20.74,523.26,0.0712,0.0081,0.1694,72418.42,23.4438,523.43,72441.86,0.007225,0.0071731,0.07244,
3/2/2017,9:40,T31,148,147.78,IB 20-S2,IB 20,S,2,2206.00,2.5140,0.02,497.70,1.9420,2109.00,2.5260,3032.76,2.8608,0.02,75.55,20.60,543.85,0.0713,0.0086,0.1780,75268.84,24.6395,544.03,75293.47,0.007225,0.0071711,0.07529,
3/7/2017,14:17,T32,153,152.97,IB 20-S2,IB 20,S,2,2109.00,2.5260,0.02,404.70,1.9190,2105.70,2.4910,3080.89,2.8189,0.02,76.75,24.21,568.06,0.0702,0.0073,0.1853,78619.60,25.6494,568.25,78645.25,0.007225,0.0071687,0.07865,
3/15/2017,15:00,T33,161,161.00,IB 20-S2,IB 20,S,2,2105.70,2.4910,0.02,468.50,1.9206,1935.70,2.4970,2776.85,2.8275,0.02,69.17,16.72,584.78,0.0704,0.0084,0.1937,80933.52,26.8094,584.98,80960.33,0.007225,0.0071670,0.08096,
10/5/2016,15:00,T7,0,0.00,IB 20-S3,IB 20,S,3,,,0.02,,,558.40,2.0160,878.53,3.1718,0.02,21.89,0.00,0.00,0.0790,0.0000,0.0000,0.00,0.0000,0.00,0.00,0.007981,0.0079808,0.00000,
10/6/2016,15:30,T8,1,1.02,IB 20-S3,IB 20,S,3,558.40,2.0160,0.02,422.06,1.8718,624.90,2.0183,741.19,2.1023,0.02,18.46,4.55,4.55,0.0524,0.0021,0.0021,570.56,0.2693,4.56,570.82,0.007981,0.0079803,0.00057,
10/7/2016,11:13,T9,2,1.84,IB 20-S3,IB 20,S,3,624.90,2.0183,0.02,430.26,1.8588,666.01,2.0158,801.17,2.1058,0.02,19.96,4.39,8.94,0.0525,0.0022,0.0043,1120.75,0.5425,8.95,1121.29,0.007981,0.0079799,0.00112,
10/11/2016,15:11,T10,6,6.01,IB 20-S3,IB 20,S,3,666.01,2.0158,0.02,554.78,2.0007,895.31,2.1417,1090.54,2.2225,0.02,27.17,10.58,19.52,0.0554,0.0052,0.0095,2445.86,1.1878,19.53,2447.05,0.007981,0.0079788,0.00245,
10/14/2016,15:25,T11,9,9.02,IB 20-S3,IB 20,S,3,895.31,2.1417,0.02,474.38,1.9869,927.89,2.1731,1187.89,2.2798,0.02,29.59,7.29,26.81,0.0568,0.0034,0.0129,3359.12,1.6190,26.82,3360.74,0.007981,0.0079781,0.00336,
10/17/2016,10:20,T12,12,11.81,IB 20-S3,IB 20,S,3,927.89,2.1731,0.02,551.77,1.9427,988.30,2.2050,1238.56,2.3554,0.02,30.85,7.74,34.55,0.0587,0.0045,0.0175,4328.85,2.1880,34.57,4331.04,0.007981,0.0079773,0.00433,
10/20/2016,11:07,T13,15,14.84,IB 20-S3,IB 20,S,3,988.30,2.2050,0.02,495.50,1.9028,1064.73,2.2236,1391.07,2.4075,0.02,34.65,10.03,44.58,0.0600,0.0050,0.0225,5586.06,2.8201,44.60,5588.88,0.007981,0.0079763,0.00559,
10/24/2016,12:11,T14,19,18.88,IB 20-S3,IB 20,S,3,1064.73,2.2236,0.02,430.26,1.9944,1186.39,2.3052,1619.88,2.4834,0.02,40.35,13.83,58.41,0.0619,0.0065,0.0290,7318.90,3.6310,58.44,7322.54,0.007981,0.0079749,0.00732,
10/26/2016,15:39,T15,21,21.03,IB 20-S3,IB 20,S,3,1186.39,2.3052,0.02,458.12,2.0334,1157.29,2.3122,1558.13,2.4720,0.02,38.81,9.26,67.67,0.0616,0.0042,0.0331,8479.24,4.1517,67.70,8483.39,0.007981,0.0079740,0.00848,
10/26/2016,16:40,T15,21,21.07,IB 20-S3,IB 20,S,3,opened bottles to atmosphere,opened bottles to atmosphere,0.02,,,593.09,2.0319,,,,,,67.67,0.0000,,0.0331,,,,,,,,*opened bottles to atmosphere*
10/28/2016,13:45,T16,23,22.95,IB 20-S3,IB 20,S,3,593.09,2.0319,0.02,469.81,1.9689,711.69,2.0561,850.36,2.1061,0.02,21.18,6.41,74.08,0.0525,0.0018,0.0350,9282.28,4.3833,74.11,9286.66,0.007981,0.0079734,0.00929,Bottle opened to atm prior to incubation
10/31/2016,15:05,T15,26,26.00,IB 20-S3,IB 20,S,3,711.69,2.0561,0.02,500.62,1.9727,931.18,2.1187,1178.02,2.2024,0.02,29.35,11.62,85.70,0.0549,0.0036,0.0386,10737.88,4.8400,85.74,10742.72,0.007981,0.0079722,0.01074,
11/2/2016,14:25,T16,28,27.98,IB 20-S3,IB 20,S,3,931.18,2.1187,0.02,410.55,1.9161,1024.54,2.1234,1376.54,2.2422,0.02,34.29,11.09,96.79,0.0559,0.0031,0.0417,12128.03,5.2256,96.83,12133.26,0.007981,0.0079711,0.01213,
11/4/2016,10:25,T17,30,29.81,IB 20-S3,IB 20,S,3,1024.54,2.1234,0.02,483.33,1.9299,1122.36,2.1379,1488.72,2.2571,0.02,37.09,11.56,108.35,0.0562,0.0033,0.0450,13576.91,5.6431,108.40,13582.56,0.007981,0.0079700,0.01358,
11/7/2016,15:28,T18,33,33.02,IB 20-S3,IB 20,S,3,1122.36,2.1379,0.02,474.28,1.9347,1370.12,2.1834,1883.71,2.3260,0.02,46.93,18.97,127.32,0.0579,0.0047,0.0497,15953.38,6.2302,127.37,15959.61,0.007981,0.0079681,0.01596,
11/10/2016,9:58,T19,36,35.79,IB 20-S3,IB 20,S,3,1370.12,2.1834,0.02,484.66,1.9832,1538.36,2.2045,2142.45,2.3314,0.02,53.37,19.24,146.56,0.0581,0.0037,0.0534,18364.12,6.6921,146.61,18370.81,0.007981,0.0079661,0.01837,
12/1/2016,11:00,T20,57,56.83,IB 20-S3,IB 20,S,3,1538.36,2.2045,0.02,734.50,1.9370,3492.00,2.5600,5072.89,2.9172,0.02,126.37,88.05,234.61,0.0727,0.0178,0.0712,29396.74,8.9166,234.68,29405.66,0.007981,0.0079573,0.02941,
12/8/2016,14:40,T21,64,63.99,IB 20-S3,IB 20,S,3,3492.00,2.5600,0.02,622.21,2.0941,3422.33,2.6337,5027.65,2.9431,0.02,125.24,38.25,272.86,0.0733,0.0095,0.0807,34190.10,10.1122,272.94,34200.21,0.007981,0.0079535,0.03420,
12/8/2016,14:40,T21,64,63.99,IB 20-S3,IB 20,S,3,opened bottles to atmosphere,opened bottles to atmosphere,0.02,,,650.35,2.0791,,,,,,272.86,0.0000,,0.0807,,,,,,0.0000000,,
12/20/2016,9:30,T22,76,75.77,IB 20-S3,IB 20,S,3,650.35,2.0791,0.02,505.91,1.9718,1600.00,2.2112,2227.25,2.3484,0.02,55.48,39.28,312.15,0.0585,0.0067,0.0874,39112.20,10.9530,312.23,39123.16,0.007981,0.0079496,0.03912,Bottle opened to atm prior to incubation
1/4/2017,14:00,T23,91,90.96,IB 20-S3,IB 20,S,3,1600.00,2.2112,0.02,576.00,2.0030,2816.00,2.4380,4100.20,2.6874,0.02,102.14,62.28,374.43,0.0669,0.0119,0.0993,46916.30,12.4393,374.53,46928.74,0.007981,0.0079433,0.04693,
1/10/2017,10:00,T24,97,96.79,IB 20-S3,IB 20,S,3,2816.00,2.4380,0.02,551.00,2.0780,2769.00,2.4790,4040.59,2.7089,0.02,100.66,30.51,404.94,0.0675,0.0067,0.1060,50738.71,13.2849,405.04,50752.00,0.007981,0.0079403,0.05075,
1/18/2017,11:00,T25,105,104.83,IB 20-S3,IB 20,S,3,2769.00,2.4790,0.02,481.00,1.9150,2848.00,2.4750,4205.01,2.7961,0.02,104.75,35.77,440.71,0.0697,0.0079,0.1139,55221.06,14.2745,440.82,55235.33,0.007981,0.0079367,0.05524,
1/25/2017,13:30,T26,112,111.94,IB 20-S3,IB 20,S,3,2848.00,2.4750,0.02,536.90,2.0470,2900.00,2.4950,4254.77,2.7518,0.02,105.99,35.04,475.75,0.0686,0.0069,0.1208,59612.14,15.1387,475.87,59627.28,0.007981,0.0079332,0.05963,
2/1/2017,10:30,T27,119,118.81,IB 20-S3,IB 20,S,3,2900.00,2.4950,0.02,589.00,2.0294,2999.00,2.5060,4380.66,2.7792,0.02,109.13,36.88,512.64,0.0692,0.0071,0.1279,64233.86,16.0259,512.76,64249.89,0.007981,0.0079295,0.06425,
2/8/2017,14:00,T28,126,125.96,IB 20-S3,IB 20,S,3,2999.00,2.5060,0.02,498.80,1.9755,2888.00,2.5070,4257.74,2.8117,0.02,106.07,31.36,543.99,0.0700,0.0076,0.1355,68162.87,16.9801,544.13,68179.85,0.007981,0.0079264,0.06818,
2/15/2017,14:35,T29,133,132.98,IB 20-S3,IB 20,S,3,2888.00,2.5070,0.02,608.90,1.9904,2822.00,2.4905,4090.78,2.7772,0.02,101.91,29.96,573.96,0.0692,0.0067,0.1422,71917.21,17.8236,574.10,71935.03,0.007981,0.0079234,0.07194,
2/22/2017,13:30,T30,140,139.94,IB 20-S3,IB 20,S,3,2822.00,2.4905,0.02,510.00,1.9030,2841.00,2.4510,4177.37,2.7652,0.02,104.06,33.76,607.72,0.0689,0.0068,0.1491,76147.85,18.6809,607.87,76166.53,0.007981,0.0079200,0.07617,
3/2/2017,9:40,T31,148,147.78,IB 20-S3,IB 20,S,3,2841.00,2.4510,0.02,494.70,1.9370,2950.00,2.4610,4357.63,2.7614,0.02,108.55,37.78,645.50,0.0688,0.0077,0.1568,80881.85,19.6498,645.66,80901.50,0.007981,0.0079162,0.08090,
3/7/2017,14:17,T32,153,152.97,IB 20-S3,IB 20,S,3,2950.00,2.4610,0.02,404.10,1.9130,2904.40,2.4270,4337.83,2.7217,0.02,108.06,34.57,680.07,0.0678,0.0065,0.1633,85213.81,20.4635,680.24,85234.27,0.007981,0.0079128,0.08523,
3/15/2017,15:00,T33,161,161.00,IB 20-S3,IB 20,S,3,2904.40,2.4270,0.02,484.50,1.9210,2892.40,2.4230,4272.86,2.7108,0.02,106.44,34.09,714.16,0.0675,0.0071,0.1704,89485.30,21.3493,714.33,89506.65,0.007981,0.0079094,0.08951,
10/5/2016,15:00,T7,0,0.00,IB 30-M1,IB 30,M,1,,,0.02,,,516.55,2.1156,812.69,3.3285,0.02,20.25,0.00,0.00,0.0829,0.0000,0.0000,0.00,0.0000,0.00,0.00,0.009631,0.0096307,0.00000,
10/6/2016,15:30,T8,1,1.02,IB 30-M1,IB 30,M,1,516.55,2.1156,0.02,420.23,1.8555,574.62,2.1868,663.13,2.3767,0.02,16.52,3.65,3.65,0.0592,0.0065,0.0065,379.16,0.6755,3.66,379.83,0.009631,0.0096303,0.00038,
10/7/2016,11:13,T9,2,1.84,IB 30-M1,IB 30,M,1,574.62,2.1868,0.02,440.39,1.8530,618.89,2.2318,721.23,2.4490,0.02,17.97,3.65,7.30,0.0610,0.0065,0.0130,758.38,1.3536,7.32,759.73,0.009631,0.0096300,0.00076,
10/11/2016,15:11,T10,6,6.01,IB 30-M1,IB 30,M,1,618.89,2.2318,0.02,544.62,1.9922,845.31,2.7211,1017.70,3.1390,0.02,25.35,9.93,17.24,0.0782,0.0226,0.0356,1789.95,3.7001,17.27,1793.65,0.009631,0.0096290,0.00179,
10/14/2016,15:25,T11,9,9.02,IB 30-M1,IB 30,M,1,845.31,2.7211,0.02,456.41,2.0004,988.13,2.9817,1292.97,3.5443,0.02,32.21,11.15,28.39,0.0883,0.0205,0.0561,2947.87,5.8294,28.45,2953.70,0.009631,0.0096279,0.00295,
10/17/2016,10:20,T12,12,11.81,IB 30-M1,IB 30,M,1,988.13,2.9817,0.02,521.60,1.9177,1154.38,3.1285,1517.16,3.8227,0.02,37.79,13.18,41.57,0.0952,0.0209,0.0771,4316.27,8.0047,41.65,4324.28,0.009631,0.0096265,0.00432,
10/20/2016,11:07,T13,15,14.84,IB 30-M1,IB 30,M,1,1154.38,3.1285,0.02,484.51,1.8949,1413.57,3.2742,1946.20,4.0650,0.02,48.48,19.73,61.29,0.1013,0.0233,0.1004,6364.43,10.4270,61.39,6374.86,0.009631,0.0096246,0.00637,
10/24/2016,12:11,T14,19,18.88,IB 30-M1,IB 30,M,1,1413.57,3.2742,0.02,427.29,1.9855,1947.14,3.5625,2818.48,4.4666,0.02,70.21,35.00,96.29,0.1113,0.0297,0.1301,9998.42,13.5113,96.42,10011.93,0.009631,0.0096211,0.01001,
10/26/2016,15:39,T15,21,21.03,IB 30-M1,IB 30,M,1,1947.14,3.5625,0.02,430.99,1.9614,2027.97,3.4967,2943.52,4.3769,0.02,73.33,24.82,121.11,0.1090,0.0203,0.1504,12575.71,15.6178,121.26,12591.32,0.009631,0.0096186,0.01259,
10/26/2016,16:40,T15,21,21.07,IB 30-M1,IB 30,M,1,opened bottles to atmosphere,opened bottles to atmosphere,0.02,,,848.97,2.3252,,,,,,121.11,0.0000,,0.1504,,,,,,,,*opened bottles to atmosphere*
10/28/2016,13:45,T16,23,22.95,IB 30-M1,IB 30,M,1,848.97,2.3252,0.02,491.49,1.9619,1188.45,2.4963,1588.02,2.8027,0.02,39.56,18.41,139.52,0.0698,0.0119,0.1623,14487.36,16.8529,139.69,14504.22,0.009631,0.0096167,0.01450,Bottle opened to atm prior to incubation
10/31/2016,15:05,T15,26,26.00,IB 30-M1,IB 30,M,1,1188.45,2.4963,0.02,490.31,1.9808,1505.11,2.7757,2086.90,3.2314,0.02,51.99,22.38,161.90,0.0805,0.0183,0.1806,16811.33,18.7543,162.09,16830.08,0.009631,0.0096145,0.01683,
11/2/2016,14:25,T16,28,27.98,IB 30-M1,IB 30,M,1,1505.11,2.7757,0.02,407.87,1.9013,1759.89,2.8588,2535.01,3.4077,0.02,63.15,25.66,187.56,0.0849,0.0157,0.1964,19475.30,20.3892,187.76,19495.69,0.009631,0.0096119,0.01950,
11/4/2016,10:25,T17,30,29.81,IB 30-M1,IB 30,M,1,1759.89,2.8588,0.02,497.96,1.9180,1693.56,2.9161,2379.00,3.4883,0.02,59.26,15.42,202.98,0.0869,0.0157,0.2120,21076.72,22.0175,203.20,21098.74,0.009631,0.0096104,0.02110,
11/7/2016,15:28,T18,33,33.02,IB 30-M1,IB 30,M,1,1693.56,2.9161,0.02,492.33,1.9446,2165.52,3.1306,3124.77,3.8105,0.02,77.84,35.65,238.64,0.0949,0.0223,0.2343,24778.74,24.3311,238.87,24803.07,0.009631,0.0096068,0.02480,
11/10/2016,9:58,T19,36,35.79,IB 30-M1,IB 30,M,1,2165.52,3.1306,0.02,492.01,1.9705,1951.36,3.2334,2788.01,3.9574,0.02,69.45,15.51,254.14,0.0986,0.0206,0.2549,26388.90,26.4698,254.40,26415.37,0.009631,0.0096053,0.02642,
12/1/2016,11:00,T20,57,56.83,IB 30-M1,IB 30,M,1,1951.36,3.2334,0.02,767.00,1.9240,4932.00,5.5390,7319.81,7.6115,0.02,182.34,133.73,387.88,0.1896,0.1091,0.3640,40275.14,37.7944,388.24,40312.94,0.009631,0.0095919,0.04031,
12/8/2016,14:40,T21,64,63.99,IB 30-M1,IB 30,M,1,4932.00,5.5390,0.02,601.60,2.1033,4789.76,5.6920,7190.85,7.7494,0.02,179.13,56.27,444.15,0.1930,0.0551,0.4191,46117.97,43.5119,444.57,46161.48,0.009631,0.0095862,0.04616,
12/8/2016,14:40,T21,64,63.99,IB 30-M1,IB 30,M,1,opened bottles to atmosphere,opened bottles to atmosphere,0.02,,,700.23,2.1131,,,,,,444.15,0.0000,,0.4191,,,,,,0.0000000,,
12/20/2016,9:30,T22,76,75.77,IB 30-M1,IB 30,M,1,700.23,2.1131,0.02,491.39,2.1347,2748.00,3.4057,4041.72,4.1344,0.02,100.68,83.24,527.39,0.1030,0.0504,0.4694,54761.21,48.7402,527.86,54809.95,0.009631,0.0095779,0.05481,Bottle opened to atm prior to incubation
1/4/2017,14:00,T23,91,90.96,IB 30-M1,IB 30,M,1,2748.00,3.4057,0.02,592.00,2.0000,4226.00,4.7170,6309.39,6.2747,0.02,157.17,88.72,616.11,0.1563,0.0715,0.5409,63973.23,56.1612,616.65,64029.39,0.009631,0.0095690,0.06403,
1/10/2017,10:00,T24,97,96.79,IB 30-M1,IB 30,M,1,4226.00,4.7170,0.02,549.00,1.9820,4581.00,5.0430,6892.56,6.7979,0.02,171.70,66.43,682.53,0.1693,0.0518,0.5927,70870.66,61.5437,683.13,70932.21,0.009631,0.0095624,0.07093,
1/18/2017,11:00,T25,105,104.83,IB 30-M1,IB 30,M,1,4581.00,5.0430,0.02,487.00,1.9180,4704.00,5.1850,7121.62,7.0580,0.02,177.41,63.29,745.82,0.1758,0.0502,0.6429,77442.34,66.7557,746.47,77509.09,0.009631,0.0095560,0.07751,
1/25/2017,13:30,T26,112,111.94,IB 30-M1,IB 30,M,1,4704.00,5.1850,0.02,552.50,2.0296,5000.00,5.4070,7549.77,7.3433,0.02,188.07,70.89,816.71,0.1829,0.0538,0.6967,84803.31,72.3384,817.41,84875.65,0.009631,0.0095490,0.08488,
2/1/2017,10:30,T27,119,118.81,IB 30-M1,IB 30,M,1,5000.00,5.4070,0.02,623.50,2.0520,5051.00,5.4570,7589.30,7.4091,0.02,189.06,64.50,881.22,0.1846,0.0499,0.7465,91500.91,77.5171,881.96,91578.42,0.009631,0.0095425,0.09158,
2/8/2017,14:00,T28,126,125.96,IB 30-M1,IB 30,M,1,5051.00,5.4570,0.02,526.50,1.9530,5233.00,5.7387,7931.25,7.9091,0.02,197.58,71.75,952.97,0.1970,0.0611,0.8076,98951.09,83.8597,953.78,99034.95,0.009631,0.0095353,0.09903,
2/15/2017,14:35,T29,133,132.98,IB 30-M1,IB 30,M,1,5233.00,5.7387,0.02,572.90,1.9820,5038.10,5.6710,7598.02,7.7859,0.02,189.28,58.92,1011.88,0.1940,0.0510,0.8586,105068.53,89.1551,1012.74,105157.69,0.009631,0.0095294,0.10516,
2/22/2017,13:30,T30,140,139.94,IB 30-M1,IB 30,M,1,5038.10,5.6710,0.02,578.70,1.9140,4993.90,5.6430,7525.15,7.7809,0.02,187.46,61.96,1073.84,0.1938,0.0526,0.9112,111501.64,94.6125,1074.75,111596.25,0.009631,0.0095232,0.11160,
3/2/2017,9:40,T31,148,147.78,IB 30-M1,IB 30,M,1,4993.90,5.6430,0.02,490.00,1.9170,4646.00,5.7410,7028.65,7.9333,0.02,175.09,50.69,1124.53,0.1976,0.0571,0.9682,116764.81,100.5368,1125.49,116865.34,0.009631,0.0095181,0.11687,
3/7/2017,14:17,T32,153,152.97,IB 30-M1,IB 30,M,1,4646.00,5.7410,0.02,406.30,1.8880,4412.90,5.5590,6709.90,7.6636,0.02,167.15,51.41,1175.94,0.1909,0.0479,1.0161,122103.37,105.5098,1176.96,122208.88,0.009631,0.0095130,0.12221,
3/15/2017,15:00,T33,161,161.00,IB 30-M1,IB 30,M,1,4412.90,5.5590,0.02,476.00,1.9180,4400.10,5.7030,6649.80,7.8730,0.02,165.65,55.72,1231.66,0.1961,0.0576,1.0738,127889.43,111.4952,1232.74,128000.92,0.009631,0.0095074,0.12800,
10/5/2016,15:00,T7,0,0.00,IB 30-M2,IB 30,M,2,,,0.02,,,516.01,2.1407,811.84,3.3680,0.02,20.22,0.00,0.00,0.0839,0.0000,0.0000,0.00,0.0000,0.00,0.00,0.010613,0.0106131,0.00000,
10/6/2016,15:30,T8,1,1.02,IB 30-M2,IB 30,M,2,516.01,2.1407,0.02,437.35,1.8567,565.56,2.2130,639.06,2.4173,0.02,15.92,3.07,3.07,0.0602,0.0069,0.0069,288.83,0.6492,3.07,289.48,0.010613,0.0106128,0.00029,
10/7/2016,11:13,T9,2,1.84,IB 30-M2,IB 30,M,2,565.56,2.2130,0.02,448.38,1.8604,596.56,2.2573,681.51,2.4848,0.02,16.98,2.89,5.95,0.0619,0.0068,0.0137,561.00,1.2872,5.97,562.28,0.010613,0.0106125,0.00056,
10/11/2016,15:11,T10,6,6.01,IB 30-M2,IB 30,M,2,596.56,2.2573,0.02,537.85,1.9908,975.89,2.7465,1227.02,3.1797,0.02,30.57,15.71,21.66,0.0792,0.0230,0.0366,2040.81,3.4524,21.70,2044.27,0.010613,0.0106109,0.00204,
10/14/2016,15:25,T11,9,9.02,IB 30-M2,IB 30,M,2,975.89,2.7465,0.02,453.50,1.9869,1166.53,3.0080,1575.31,3.5934,0.02,39.24,14.93,36.59,0.0895,0.0211,0.0577,3447.78,5.4403,36.65,3453.22,0.010613,0.0106094,0.00345,
10/17/2016,10:20,T12,12,11.81,IB 30-M2,IB 30,M,2,1166.53,3.0080,0.02,526.68,1.9156,1424.97,3.1757,1939.96,3.8981,0.02,48.33,19.27,55.86,0.0971,0.0222,0.0799,5263.19,7.5296,55.94,5270.72,0.010613,0.0106075,0.00527,
10/20/2016,11:07,T13,15,14.84,IB 30-M2,IB 30,M,2,1424.97,3.1757,0.02,468.08,1.8768,1745.82,3.3381,2478.35,4.1759,0.02,61.74,26.24,82.10,0.1040,0.0249,0.1048,7735.70,9.8772,82.20,7745.58,0.010613,0.0106049,0.00775,
10/24/2016,12:11,T14,19,18.88,IB 30-M2,IB 30,M,2,1745.82,3.3381,0.02,421.43,1.9839,2437.55,3.6297,3593.40,4.5732,0.02,89.52,46.03,128.13,0.1139,0.0308,0.1356,12072.35,12.7763,128.26,12085.12,0.010613,0.0106003,0.01209,
10/26/2016,15:39,T15,21,21.03,IB 30-M2,IB 30,M,2,2437.55,3.6297,0.02,437.81,1.9712,2588.62,3.5699,3821.69,4.4864,0.02,95.20,34.48,162.61,0.1118,0.0213,0.1569,15321.20,14.7872,162.76,15335.99,0.010613,0.0105968,0.01534,
10/26/2016,16:40,T15,21,21.07,IB 30-M2,IB 30,M,2,opened bottles to atmosphere,opened bottles to atmosphere,0.02,,,1634.84,2.8388,,,0.02,,,162.61,0.0000,,0.1569,,,,,,,,*opened bottles to atmosphere*
10/28/2016,13:45,T16,23,22.95,IB 30-M2,IB 30,M,2,1634.84,2.8388,0.02,479.45,1.9606,1759.55,2.8945,2493.44,3.4299,0.02,62.11,21.39,183.99,0.0854,0.0147,0.1717,17336.51,16.1747,184.17,17352.68,0.010613,0.0105947,0.01735,Bottle opened to atm prior to incubation
10/31/2016,15:05,T15,26,26.00,IB 30-M2,IB 30,M,2,1759.55,2.8945,0.02,492.16,1.9764,2189.03,3.0942,3161.85,3.7350,0.02,78.77,34.93,218.93,0.0930,0.0209,0.1926,20628.00,18.1476,219.12,20646.15,0.010613,0.0105912,0.02065,
11/2/2016,14:25,T16,28,27.98,IB 30-M2,IB 30,M,2,2189.03,3.0942,0.02,409.98,1.9017,2270.63,3.1183,3337.35,3.8158,0.02,83.14,28.61,247.53,0.0951,0.0180,0.2106,23323.34,19.8413,247.74,23343.18,0.010613,0.0105883,0.02334,
11/4/2016,10:25,T17,30,29.81,IB 30-M2,IB 30,M,2,2270.63,3.1183,0.02,492.76,1.9169,2176.76,3.0882,3142.20,3.7597,0.02,78.28,21.71,269.24,0.0937,0.0160,0.2266,25369.10,21.3468,269.47,25390.45,0.010613,0.0105862,0.02539,
11/7/2016,15:28,T18,33,33.02,IB 30-M2,IB 30,M,2,2176.76,3.0882,0.02,497.93,1.9494,2484.88,3.2506,3624.01,3.9966,0.02,90.28,36.05,305.30,0.0996,0.0226,0.2492,28766.09,23.4790,305.55,28789.57,0.010613,0.0105825,0.02879,
11/10/2016,9:58,T19,36,35.79,IB 30-M2,IB 30,M,2,2484.88,3.2506,0.02,492.59,1.9639,2212.87,3.3186,3199.11,4.0953,0.02,79.69,17.79,323.09,0.1020,0.0210,0.2702,30442.54,25.4616,323.36,30468.00,0.010613,0.0105808,0.03047,
12/1/2016,11:00,T20,57,56.83,IB 30-M2,IB 30,M,2,2212.87,3.3186,0.02,743.00,1.9220,5355.53,4.5400,7999.92,6.0410,0.02,199.29,144.16,467.25,0.1505,0.0678,0.3380,44059.89,31.8768,467.59,44057.78,0.010613,0.0105663,0.04406,OMIT - corrected
12/8/2016,14:40,T21,64,63.99,IB 30-M2,IB 30,M,2,5355.53,4.5400,0.02,595.67,2.1001,2465.63,3.3572,3537.69,4.0779,0.02,88.13,-45.28,421.97,0.1016,-0.0115,0.3265,39759.06,30.7668,422.29,39789.83,0.010613,0.0105709,0.03979,
12/8/2016,14:40,T21,64,63.99,IB 30-M2,IB 30,M,2,opened bottles to atmosphere,opened bottles to atmosphere,0.02,,,660.61,2.0810,,,0.02,,,421.97,0.0000,,,,,,,,0.0000000,,
12/20/2016,9:30,T22,76,75.77,IB 30-M2,IB 30,M,2,660.61,2.0810,0.02,496.53,1.9781,2358.00,3.2058,3425.19,3.9096,0.02,85.33,68.87,490.84,0.0974,0.0456,0.5164,46248.10,48.6610,491.35,46296.76,0.010613,0.0105640,0.04630,Bottle opened to atm prior to incubation
1/4/2017,14:00,T23,91,90.96,IB 30-M2,IB 30,M,2,2358.00,3.2058,0.02,591.00,2.0300,4495.00,4.9400,6733.18,6.6083,0.02,167.73,108.99,599.83,0.1646,0.0848,0.1474,56517.54,13.8909,599.97,56531.43,0.010613,0.0105531,0.05653,
1/10/2017,10:00,T24,97,96.79,IB 30-M2,IB 30,M,2,4495.00,4.9400,0.02,552.00,1.9790,4540.00,5.1120,6826.34,6.9082,0.02,170.05,58.08,657.90,0.1721,0.0490,0.1729,61989.67,16.2904,658.08,62005.96,0.010613,0.0105473,0.06201,
1/18/2017,11:00,T25,105,104.83,IB 30-M2,IB 30,M,2,4540.00,5.1120,0.02,488.00,1.9040,4862.00,5.4510,7369.63,7.4845,0.02,183.59,70.49,728.39,0.1864,0.0591,0.2081,68631.40,19.6096,728.60,68651.01,0.010613,0.0105402,0.06865,
1/25/2017,13:30,T26,112,111.94,IB 30-M2,IB 30,M,2,4862.00,5.4510,0.02,558.50,2.0197,5097.00,5.7720,7698.94,7.9232,0.02,191.79,70.67,799.06,0.1974,0.0616,0.2426,75290.28,22.8540,799.31,75313.13,0.010613,0.0105332,0.07531,
2/1/2017,10:30,T27,119,118.81,IB 30-M2,IB 30,M,2,5097.00,5.7720,0.02,621.90,2.0430,5333.00,5.8900,8033.89,8.0955,0.02,200.13,73.16,872.22,0.2017,0.0579,0.2697,82183.77,25.4098,872.49,82209.18,0.010613,0.0105259,0.08221,
2/8/2017,14:00,T28,126,125.96,IB 30-M2,IB 30,M,2,5333.00,5.8900,0.02,505.70,1.9382,5770.00,6.2000,8788.04,8.6433,0.02,218.92,86.07,958.29,0.2153,0.0686,0.3015,90293.47,28.4116,958.60,90321.88,0.010613,0.0105172,0.09032,
2/15/2017,14:35,T29,133,132.98,IB 30-M2,IB 30,M,2,5770.00,6.2000,0.02,591.70,1.9770,5394.70,5.8423,8148.28,8.0583,0.02,202.98,59.25,1017.54,0.2007,0.0463,0.3003,95875.78,28.2952,1017.84,95904.07,0.010613,0.0105113,0.09590,
2/22/2017,13:30,T30,140,139.94,IB 30-M2,IB 30,M,2,5394.70,5.8423,0.02,570.60,1.9180,4560.70,6.0100,6848.24,8.3560,0.02,170.60,36.21,1053.75,0.2082,0.0626,0.3237,99287.54,30.4980,1054.07,99318.03,0.010613,0.0105077,0.09932,
3/2/2017,9:40,T31,148,147.78,IB 30-M2,IB 30,M,2,4560.70,6.0100,0.02,496.00,1.9170,4913.00,6.0430,7445.28,8.4085,0.02,185.47,71.86,1125.61,0.2095,0.0597,0.3424,106058.25,32.2584,1125.95,106090.51,0.010613,0.0105005,0.10609,
3/7/2017,14:17,T32,153,152.97,IB 30-M2,IB 30,M,2,4913.00,6.0430,0.02,409.30,1.8910,4879.10,5.9930,7441.65,8.3447,0.02,185.38,62.99,1188.60,0.2079,0.0573,0.3575,111993.52,33.6849,1188.96,112027.20,0.010613,0.0104942,0.11203,
3/15/2017,15:00,T33,161,161.00,IB 30-M2,IB 30,M,2,4879.10,5.9930,0.02,471.10,1.9198,4827.00,5.7670,7324.25,7.9726,0.02,182.46,60.91,1249.51,0.1986,0.0493,0.1994,117732.80,18.7889,1249.71,117751.59,0.010613,0.0104881,0.11775,
10/5/2016,15:00,T7,0,0.00,IB 30-M3,IB 30,M,3,,,0.02,,,523.15,2.0026,823.07,3.1507,0.02,20.50,0.00,0.00,0.0785,0.0000,0.0000,0.00,0.0000,0.00,0.00,0.010654,0.0106538,0.00000,
10/6/2016,15:30,T8,1,1.02,IB 30-M3,IB 30,M,3,523.15,2.0026,0.02,428.18,1.8582,575.33,1.9967,659.69,2.0761,0.02,16.43,3.40,3.40,0.0517,0.0018,0.2013,319.27,18.8988,3.60,338.17,0.010654,0.0106534,0.00034,
10/7/2016,11:13,T9,2,1.84,IB 30-M3,IB 30,M,3,575.33,1.9967,0.02,443.18,1.8528,600.82,1.9954,691.20,2.0772,0.02,17.22,2.89,6.29,0.0517,0.0020,0.2393,590.19,22.4616,6.53,612.65,0.010654,0.0106531,0.00061,
10/11/2016,15:11,T10,6,6.01,IB 30-M3,IB 30,M,3,600.82,1.9954,0.02,542.63,1.9959,831.52,2.1078,997.14,2.1720,0.02,24.84,9.87,16.16,0.0541,0.0044,0.2791,1516.89,26.1928,16.44,1543.08,0.010654,0.0106521,0.00154,
10/14/2016,15:25,T11,9,9.02,IB 30-M3,IB 30,M,3,831.52,2.1078,0.02,457.61,1.9837,946.21,2.1594,1226.33,2.2601,0.02,30.55,9.84,26.00,0.0563,0.0038,0.2992,2440.04,28.0842,26.29,2468.13,0.010654,0.0106511,0.00247,
10/17/2016,10:20,T12,12,11.81,IB 30-M3,IB 30,M,3,946.21,2.1594,0.02,513.29,1.9152,1087.34,2.1790,1416.45,2.3302,0.02,35.29,11.71,37.71,0.0580,0.0043,0.0062,3539.57,0.5828,37.72,3540.15,0.010654,0.0106500,0.00354,
10/20/2016,11:07,T13,15,14.84,IB 30-M3,IB 30,M,3,1087.34,2.1790,0.02,466.48,1.8801,1164.49,2.1902,1564.66,2.3680,0.02,38.98,11.89,49.60,0.0590,0.0047,0.1045,4655.67,9.8120,49.70,4665.48,0.010654,0.0106488,0.00467,
10/24/2016,12:11,T14,19,18.88,IB 30-M3,IB 30,M,3,1164.49,2.1902,0.02,424.47,1.9857,1377.19,2.2715,1923.39,2.4354,0.02,47.91,18.91,68.51,0.0607,0.0061,0.1330,6430.16,12.4835,68.64,6442.64,0.010654,0.0106469,0.00644,
10/26/2016,15:39,T15,21,21.03,IB 30-M3,IB 30,M,3,1377.19,2.2715,0.02,432.49,1.9521,1444.20,2.2576,2024.22,2.4327,0.02,50.43,16.12,84.62,0.0606,0.0040,0.1594,7943.07,14.9588,84.78,7958.03,0.010654,0.0106453,0.00796,
10/26/2016,16:40,T15,21,21.07,IB 30-M3,IB 30,M,3,opened bottles to atmosphere,opened bottles to atmosphere,0.02,,,748.08,2.0520,,,,,,84.62,0.0000,,,,,,,,,,*opened bottles to atmosphere*
10/28/2016,13:45,T16,23,22.95,IB 30-M3,IB 30,M,3,748.08,2.0520,0.02,490.66,1.9681,1012.05,2.0700,1310.96,2.1284,0.02,32.66,14.02,98.65,0.0530,0.0019,0.0555,9259.23,5.2104,98.70,9264.44,0.010654,0.0106439,0.00926,Bottle opened to atm prior to incubation
10/31/2016,15:05,T15,26,26.00,IB 30-M3,IB 30,M,3,1012.05,2.0700,0.02,499.07,1.9755,1488.83,2.1180,2056.26,2.1997,0.02,51.22,26.01,124.66,0.0548,0.0032,0.2096,11700.86,19.6699,124.87,11720.53,0.010654,0.0106413,0.01172,
11/2/2016,14:25,T16,28,27.98,IB 30-M3,IB 30,M,3,1488.83,2.1180,0.02,409.64,1.8979,1735.45,2.1200,2495.54,2.2473,0.02,62.17,25.08,149.74,0.0560,0.0032,0.2299,14054.80,21.5836,149.97,14076.39,0.010654,0.0106388,0.01408,
11/4/2016,10:25,T17,30,29.81,IB 30-M3,IB 30,M,3,1735.45,2.1200,0.02,495.88,1.9259,1940.15,2.1234,2768.16,2.2366,0.02,68.96,25.73,175.46,0.0557,0.0029,0.2475,16469.52,23.2350,175.71,16492.76,0.010654,0.0106362,0.01649,
11/7/2016,15:28,T18,33,33.02,IB 30-M3,IB 30,M,3,1940.15,2.1234,0.02,494.43,1.9463,2331.35,2.1556,3384.46,2.2756,0.02,84.31,35.98,211.44,0.0567,0.0038,0.2649,19846.68,24.8641,211.71,19871.55,0.010654,0.0106326,0.01987,
11/10/2016,9:58,T19,36,35.79,IB 30-M3,IB 30,M,3,2331.35,2.1556,0.02,485.39,1.9647,2546.34,2.1729,3727.89,2.2923,0.02,92.87,34.79,246.23,0.0571,0.0034,0.1128,23112.14,10.5924,246.34,23122.73,0.010654,0.0106291,0.02312,
12/1/2016,11:00,T20,57,56.83,IB 30-M3,IB 30,M,3,2546.34,2.1729,0.02,767.00,1.9190,5508.00,2.4760,8226.03,2.7953,0.02,204.92,141.49,387.72,0.0696,0.0155,0.1254,36392.67,11.7687,387.84,36404.44,0.010654,0.0106150,0.03640,
12/8/2016,14:40,T21,64,63.99,IB 30-M3,IB 30,M,3,5508.00,2.4760,0.02,598.41,2.0994,5812.18,2.5638,8801.25,2.8300,0.02,219.25,82.04,469.76,0.0705,0.0088,0.2221,44093.11,20.8474,469.98,44113.96,0.010654,0.0106068,0.04411,
12/8/2016,14:40,T21,64,63.99,IB 30-M3,IB 30,M,3,opened bottles to atmosphere,opened bottles to atmosphere,0.02,,,660.00,2.0786,,,,,,469.76,0.0000,,,,,,,,0.0000000,,
12/20/2016,9:30,T22,76,75.77,IB 30-M3,IB 30,M,3,660.00,2.0786,0.02,497.16,1.9721,2629.00,2.1804,3851.19,2.2998,0.02,95.94,79.50,549.25,0.0573,0.0055,0.0048,51554.91,0.4490,549.26,51555.36,0.010654,0.0105988,0.05156,Bottle opened to atm prior to incubation
1/4/2017,14:00,T23,91,90.96,IB 30-M3,IB 30,M,3,2629.00,2.1804,0.02,596.00,2.0090,5279.00,2.3900,7963.78,2.6084,0.02,198.39,132.90,682.15,0.0650,0.0107,0.3104,64028.95,29.1341,682.46,64058.08,0.010654,0.0105855,0.06406,
1/10/2017,10:00,T24,97,96.79,IB 30-M3,IB 30,M,3,5279.00,2.3900,0.02,545.00,1.9790,5883.00,2.4620,8943.30,2.7389,0.02,222.79,91.28,773.43,0.0682,0.0087,0.0202,72596.98,1.8920,773.45,72598.87,0.010654,0.0105764,0.07260,
1/18/2017,11:00,T25,105,104.83,IB 30-M3,IB 30,M,3,5883.00,2.4620,0.02,475.00,1.9030,6630.00,2.4589,10158.69,2.7776,0.02,253.06,106.51,879.94,0.0692,0.0079,0.1192,82594.59,11.1855,880.06,82605.78,0.010654,0.0105658,0.08261,
1/25/2017,13:30,T26,112,111.94,IB 30-M3,IB 30,M,3,6630.00,2.4589,0.02,544.00,2.0280,9756.00,2.4650,15037.28,2.7155,0.02,374.60,209.43,1089.38,0.0676,0.0064,0.1441,102252.88,13.5217,1089.52,102266.40,0.010654,0.0105448,0.10227,
2/1/2017,10:30,T27,119,118.81,IB 30-M3,IB 30,M,3,9756.00,2.4650,0.02,623.00,2.0500,6942.00,2.4750,10564.71,2.7187,0.02,263.18,20.15,1109.52,0.0677,0.0063,0.1709,104143.84,16.0369,1109.69,104159.87,0.010654,0.0105428,0.10416,
2/8/2017,14:00,T28,126,125.96,IB 30-M3,IB 30,M,3,6942.00,2.4750,0.02,500.90,1.9300,6950.50,2.4519,10648.08,2.7511,0.02,265.26,92.32,1201.85,0.0685,0.0069,0.0685,112809.57,6.4328,1201.92,112816.00,0.010654,0.0105336,0.11282,
2/15/2017,14:35,T29,133,132.98,IB 30-M3,IB 30,M,3,6950.50,2.4519,0.02,577.50,1.9565,6634.50,2.5340,10107.00,2.8651,0.02,251.78,78.63,1280.48,0.0714,0.0103,0.0753,120190.25,7.0695,1280.55,120197.32,0.010654,0.0105257,0.12020,
2/22/2017,13:30,T30,140,139.94,IB 30-M3,IB 30,M,3,6634.50,2.5340,0.02,558.90,1.9120,6561.60,2.4070,10002.97,2.6908,0.02,249.19,83.91,1364.39,0.0670,0.0039,0.2238,128066.57,21.0092,1364.62,128087.58,0.010654,0.0105173,0.12809,
3/2/2017,9:40,T31,148,147.78,IB 30-M3,IB 30,M,3,6561.60,2.4070,0.02,495.60,1.9230,6718.00,2.4030,10285.33,2.6782,0.02,256.22,92.76,1457.15,0.0667,0.0068,0.2439,136773.56,22.8888,1457.40,136796.45,0.010654,0.0105080,0.13680,
3/7/2017,14:17,T32,153,152.97,IB 30-M3,IB 30,M,3,6718.00,2.4030,0.02,411.60,1.8910,6269.50,2.3526,9627.86,2.6172,0.02,239.84,72.49,1529.64,0.0652,0.0053,0.2598,143577.53,24.3897,1529.90,143601.92,0.010654,0.0105008,0.14360,
3/15/2017,15:00,T33,161,161.00,IB 30-M3,IB 30,M,3,6269.50,2.3526,0.02,472.50,1.9120,6075.30,2.3410,9287.41,2.5869,0.02,231.36,75.18,1604.82,0.0644,0.0058,0.0164,150634.14,1.5367,1604.84,150635.68,0.010654,0.0104933,0.15064,
10/5/2016,15:00,T7,0,0.00,IB 30-S1,IB 30,S,1,,,0.02,,,584.28,2.0871,919.25,3.2836,0.02,22.90,0.00,0.00,0.0818,0.0000,0.0000,0.00,0.0000,0.00,0.00,0.007584,0.0075838,0.00000,
10/6/2016,15:30,T8,1,1.02,IB 30-S1,IB 30,S,1,584.28,2.0871,0.02,418.48,1.8640,701.88,2.1212,864.35,2.2687,0.02,21.53,6.98,6.98,0.0565,0.0045,0.2677,919.98,35.3005,7.24,955.28,0.007584,0.0075831,0.00096,
10/6/2016,15:30,T8,1,1.02,IB 30-S1,IB 30,S,1,opened bottles to atmosphere,opened bottles to atmosphere,0.02,428.76,1.8666,416.69,1.7176,409.77,1.6322,0.02,10.21,,6.98,0.0407,,0.2555,919.98,33.6941,7.23,953.67,0.007584,0.0075831,0.00095,second reading of this bottle on this day -- not sure why or how to treat it.
10/7/2016,11:13,T9,2,1.84,IB 30-S1,IB 30,S,1,701.88,2.1212,0.02,440.58,1.8563,770.85,2.1277,960.20,2.2833,0.02,23.92,6.43,13.41,0.0569,0.0040,0.1156,1768.48,15.2428,13.53,1783.73,0.007584,0.0075825,0.00178,using the reading from the first reading the prior day
10/11/2016,15:11,T10,6,6.01,IB 30-S1,IB 30,S,1,770.85,2.1277,0.02,539.49,1.9878,1216.61,2.3684,1604.81,2.5866,0.02,39.98,20.77,34.19,0.0644,0.0114,0.2227,4507.84,29.3613,34.41,4537.20,0.007584,0.0075804,0.00454,
10/14/2016,15:25,T11,9,9.02,IB 30-S1,IB 30,S,1,1216.61,2.3684,0.02,461.67,2.0093,1562.13,2.4901,2193.03,2.7657,0.02,54.63,24.32,58.51,0.0689,0.0099,0.0689,7715.14,9.0848,58.58,7724.23,0.007584,0.0075780,0.00772,
10/17/2016,10:20,T12,12,11.81,IB 30-S1,IB 30,S,1,1562.13,2.4901,0.02,537.09,1.9267,1863.52,2.5377,2623.97,2.8880,0.02,65.37,26.45,84.96,0.0719,0.0099,0.0224,11203.03,2.9550,84.98,11205.99,0.007584,0.0075753,0.01121,
10/20/2016,11:07,T13,15,14.84,IB 30-S1,IB 30,S,1,1863.52,2.5377,0.02,470.17,1.8990,2060.01,2.5713,2971.47,2.9567,0.02,74.02,27.60,112.56,0.0737,0.0104,0.1316,14842.40,17.3487,112.69,14859.74,0.007584,0.0075726,0.01486,
10/24/2016,12:11,T14,19,18.88,IB 30-S1,IB 30,S,1,2060.01,2.5713,0.02,425.09,1.9921,2740.39,2.6800,4067.76,3.0744,0.02,101.33,50.02,162.58,0.0766,0.0125,0.1592,21437.39,20.9970,162.74,21458.39,0.007584,0.0075676,0.02146,
10/26/2016,15:39,T15,21,21.03,IB 30-S1,IB 30,S,1,2740.39,2.6800,0.02,453.48,2.0181,2715.12,2.6499,4011.73,3.0121,0.02,99.94,31.67,194.25,0.0750,0.0083,0.1842,25613.44,24.2929,194.43,25637.73,0.007584,0.0075644,0.02564,
10/26/2016,16:40,T15,21,21.07,IB 30-S1,IB 30,S,1,opened bottles to atmosphere,opened bottles to atmosphere,0.02,,,654.36,2.0142,,,,,,194.25,0.0000,,,,,,,,,,*opened bottles to atmosphere*
10/28/2016,13:45,T16,23,22.95,IB 30-S1,IB 30,S,1,654.36,2.0142,0.02,488.05,1.9744,1122.51,2.0872,1486.25,2.1519,0.02,37.02,20.72,214.97,0.0536,0.0034,0.0460,28346.00,6.0644,215.02,28352.06,0.007584,0.0075623,0.02835,Bottle opened to atm prior to incubation
10/31/2016,15:05,T15,26,26.00,IB 30-S1,IB 30,S,1,1122.51,2.0872,0.02,493.14,1.9640,1698.90,2.1982,2390.17,2.3325,0.02,59.54,31.58,246.55,0.0581,0.0061,0.2220,32509.96,29.2689,246.77,32539.23,0.007584,0.0075592,0.03254,
11/2/2016,14:25,T16,28,27.98,IB 30-S1,IB 30,S,1,1698.90,2.1982,0.02,406.49,1.9094,1828.22,2.2316,2643.30,2.4163,0.02,65.85,23.53,270.08,0.0602,0.0054,0.2442,35612.10,32.1979,270.32,35644.30,0.007584,0.0075568,0.03564,
11/4/2016,10:25,T17,30,29.81,IB 30-S1,IB 30,S,1,1828.22,2.2316,0.02,487.83,1.9196,1705.13,2.2565,2403.01,2.4496,0.02,59.86,14.32,284.40,0.0610,0.0054,0.2623,37500.17,34.5815,284.66,37534.75,0.007584,0.0075554,0.03753,
11/7/2016,15:28,T18,33,33.02,IB 30-S1,IB 30,S,1,1705.13,2.2565,0.02,482.35,1.9477,2152.25,2.3370,3109.61,2.5602,0.02,77.46,34.99,319.38,0.0638,0.0076,0.0218,42113.56,2.8787,319.40,42116.44,0.007584,0.0075519,0.04212,
11/10/2016,9:58,T19,36,35.79,IB 30-S1,IB 30,S,1,2152.25,2.3370,0.02,493.20,2.0011,2281.01,2.3645,3305.97,2.5728,0.02,82.36,28.74,348.12,0.0641,0.0059,0.0121,45903.25,1.5955,348.13,45904.85,0.007584,0.0075490,0.04590,
12/1/2016,11:00,T20,57,56.83,IB 30-S1,IB 30,S,1,2281.01,2.3645,0.02,733.90,1.9250,5656.00,2.9740,8477.86,3.5754,0.02,211.19,154.37,502.49,0.0891,0.0302,0.3039,66258.47,40.0772,502.80,66298.54,0.007584,0.0075336,0.06630,
12/8/2016,14:40,T21,64,63.99,IB 30-S1,IB 30,S,1,5656.00,2.9740,0.02,560.83,2.1107,5381.53,3.0570,8145.26,3.5995,0.02,202.91,62.01,564.50,0.0897,0.0156,0.3045,74435.10,40.1564,564.81,74475.25,0.007584,0.0075274,0.07448,
12/8/2016,14:40,T21,64,63.99,IB 30-S1,IB 30,S,1,opened bottles to atmosphere,opened bottles to atmosphere,0.02,,,661.72,2.0971,,,,,,564.50,0.0000,,,,,,,,0.0000000,,
12/20/2016,9:30,T22,76,75.77,IB 30-S1,IB 30,S,1,661.72,2.0971,0.02,505.22,2.0135,2544.21,2.3557,3713.17,2.5519,0.02,92.50,76.02,640.52,0.0636,0.0113,0.0094,84458.41,1.2334,640.53,84459.64,0.007584,0.0075198,0.08446,Bottle opened to atm prior to incubation
1/4/2017,14:00,T23,91,90.96,IB 30-S1,IB 30,S,1,2544.21,2.3557,0.02,567.00,2.0590,4042.00,2.6220,6034.23,2.9448,0.02,150.32,86.94,727.46,0.0734,0.0147,0.0802,95922.32,10.5783,727.54,95932.89,0.007584,0.0075111,0.09593,
1/10/2017,10:00,T24,97,96.79,IB 30-S1,IB 30,S,1,4042.00,2.6220,0.02,564.00,2.0510,3700.00,2.6600,5497.88,3.0091,0.02,136.96,36.27,763.73,0.0750,0.0096,0.0342,100704.55,4.5036,763.76,100709.05,0.007584,0.0075075,0.10071,
1/18/2017,11:00,T25,105,104.83,IB 30-S1,IB 30,S,1,3700.00,2.6600,0.02,501.00,1.9270,3908.00,2.6530,5861.25,3.0692,0.02,146.01,53.84,817.57,0.0765,0.0102,0.1440,107803.74,18.9842,817.71,107822.73,0.007584,0.0075021,0.10782,
1/25/2017,13:30,T26,112,111.94,IB 30-S1,IB 30,S,1,3908.00,2.6530,0.02,543.80,2.0440,3772.30,2.6580,5623.21,3.0100,0.02,140.08,42.73,860.29,0.0750,0.0089,0.1675,113437.81,22.0810,860.46,113459.89,0.007584,0.0074978,0.11346,
2/1/2017,10:30,T27,119,118.81,IB 30-S1,IB 30,S,1,3772.30,2.6580,0.02,578.00,2.0270,3921.00,2.6560,5837.55,3.0166,0.02,145.42,51.45,911.74,0.0751,0.0089,0.1934,120221.70,25.4974,911.93,120247.19,0.007584,0.0074926,0.12025,
2/8/2017,14:00,T28,126,125.96,IB 30-S1,IB 30,S,1,3921.00,2.6560,0.02,516.00,1.9601,3653.00,2.6421,5451.45,3.0331,0.02,135.80,38.13,949.87,0.0756,0.0094,0.0756,125248.88,9.9630,949.94,125258.85,0.007584,0.0074888,0.12526,
2/15/2017,14:35,T29,133,132.98,IB 30-S1,IB 30,S,1,3653.00,2.6421,0.02,626.00,2.0518,3383.00,2.6153,4963.60,2.9384,0.02,123.65,32.65,982.52,0.0732,0.0074,0.0672,129553.90,8.8603,982.58,129562.76,0.007584,0.0074856,0.12956,
2/22/2017,13:30,T30,140,139.94,IB 30-S1,IB 30,S,1,3383.00,2.6153,0.02,538.00,1.9210,3073.90,2.5960,4527.74,2.9830,0.02,112.79,28.52,1011.03,0.0743,0.0092,0.2415,133314.11,31.8467,1011.27,133345.95,0.007584,0.0074827,0.13335,
3/2/2017,9:40,T31,148,147.78,IB 30-S1,IB 30,S,1,3073.90,2.5960,0.02,504.40,1.9320,3553.00,2.5650,5300.77,2.9279,0.02,132.05,55.47,1066.51,0.0729,0.0083,0.2615,140628.87,34.4851,1066.77,140663.36,0.007584,0.0074772,0.14066,
3/7/2017,14:17,T32,153,152.97,IB 30-S1,IB 30,S,1,3553.00,2.5650,0.02,407.90,1.8970,3463.70,2.4850,5215.60,2.8221,0.02,129.93,41.42,1107.92,0.0703,0.0064,0.2763,146090.14,36.4393,1108.20,146126.58,0.007584,0.0074730,0.14613,
3/15/2017,15:00,T33,161,161.00,IB 30-S1,IB 30,S,1,3463.70,2.4850,0.02,466.10,1.1920,3401.10,2.4870,5083.75,3.2294,0.02,126.64,40.36,1148.28,0.0804,0.0185,0.0396,151411.61,5.2272,1148.32,151416.84,0.007584,0.0074690,0.15142,
10/5/2016,15:00,T7,0,0.00,IB 30-S2,IB 30,S,2,,,0.02,,,592.78,2.1270,932.62,3.3464,0.02,23.23,0.00,0.00,0.0834,0.0000,0.0000,0.00,0.0000,0.00,0.00,0.007640,0.0076404,0.00000,
10/6/2016,15:30,T8,1,1.02,IB 30-S2,IB 30,S,2,592.78,2.1270,0.02,432.62,1.8133,597.14,2.0845,691.46,2.2400,0.02,17.23,2.46,2.46,0.0558,0.0028,0.2618,321.74,34.2715,2.72,356.01,0.007640,0.0076401,0.00036,
10/7/2016,11:13,T9,2,1.84,IB 30-S2,IB 30,S,2,597.14,2.0845,0.02,448.57,1.8574,651.24,2.1300,767.43,2.2863,0.02,19.12,4.24,6.70,0.0570,0.0050,0.0206,876.97,2.6920,6.72,879.66,0.007640,0.0076397,0.00088,
10/11/2016,15:11,T10,6,6.01,IB 30-S2,IB 30,S,2,651.24,2.1300,0.02,545.40,1.9850,1238.72,2.6427,1636.20,3.0198,0.02,40.76,24.54,31.24,0.0752,0.0222,0.3051,4088.38,39.9296,31.54,4128.31,0.007640,0.0076373,0.00413,
10/14/2016,15:25,T11,9,9.02,IB 30-S2,IB 30,S,2,1238.72,2.6427,0.02,455.41,2.0001,1567.08,2.9267,2204.40,3.4579,0.02,54.91,24.06,55.29,0.0861,0.0203,0.3145,7236.94,41.1662,55.61,7278.11,0.007640,0.0076349,0.00728,
10/17/2016,10:20,T12,12,11.81,IB 30-S2,IB 30,S,2,1567.08,2.9267,0.02,529.66,1.9212,1719.34,3.0828,2401.39,3.7487,0.02,59.82,20.78,76.08,0.0934,0.0205,0.0934,9957.15,12.2226,76.17,9969.38,0.007640,0.0076328,0.00997,
10/20/2016,11:07,T13,15,14.84,IB 30-S2,IB 30,S,2,1719.34,3.0828,0.02,468.43,1.8893,1759.96,3.2425,2500.40,4.0183,0.02,62.29,19.46,95.53,0.1001,0.0233,0.0680,12503.75,8.8989,95.60,12512.65,0.007640,0.0076309,0.01251,
10/24/2016,12:11,T14,19,18.88,IB 30-S2,IB 30,S,2,1759.96,3.2425,0.02,423.32,1.9879,2117.60,3.5758,3088.94,4.4861,0.02,76.95,33.11,128.64,0.1118,0.0310,0.1896,16836.81,24.8205,128.83,16861.63,0.007640,0.0076275,0.01686,
10/26/2016,15:39,T15,21,21.03,IB 30-S2,IB 30,S,2,2117.60,3.5758,0.02,443.22,1.9891,2151.22,3.5354,3130.42,4.4219,0.02,77.98,25.23,153.87,0.1102,0.0211,0.2114,20139.06,27.6685,154.08,20166.73,0.007640,0.0076250,0.02017,
10/26/2016,16:40,T15,21,21.07,IB 30-S2,IB 30,S,2,opened bottles to atmosphere,opened bottles to atmosphere,0.02,,,486.71,1.9884,,,,,,153.87,0.0000,,,,,,,,,,*opened bottles to atmosphere*
10/28/2016,13:45,T16,23,22.95,IB 30-S2,IB 30,S,2,486.71,1.9884,0.02,488.26,1.9620,844.47,2.2171,1048.69,2.3633,0.02,26.12,14.00,167.87,0.0589,0.0093,0.0589,21971.35,7.7056,167.93,21979.05,0.007640,0.0076236,0.02198,Bottle opened to atm prior to incubation
10/31/2016,15:05,T15,26,26.00,IB 30-S2,IB 30,S,2,844.47,2.2171,0.02,502.27,1.9689,1153.79,2.5740,1527.31,2.9209,0.02,38.05,17.01,184.88,0.0728,0.0175,0.0748,24197.71,9.7911,184.96,24207.50,0.007640,0.0076219,0.02421,
11/2/2016,14:25,T16,28,27.98,IB 30-S2,IB 30,S,2,1153.79,2.5740,0.02,407.76,1.9034,1343.32,2.7023,1879.68,3.1603,0.02,46.82,18.08,202.96,0.0787,0.0146,0.2556,26564.43,33.4507,203.22,26597.88,0.007640,0.0076201,0.02660,
11/4/2016,10:25,T17,30,29.81,IB 30-S2,IB 30,S,2,1343.32,2.7023,0.02,489.93,1.9190,1232.26,2.7800,1657.84,3.2736,0.02,41.30,7.84,210.80,0.0815,0.0142,0.2792,27589.91,36.5401,211.08,27626.45,0.007640,0.0076193,0.02763,
11/7/2016,15:28,T18,33,33.02,IB 30-S2,IB 30,S,2,1232.26,2.7800,0.02,497.00,1.9530,1635.16,3.0151,2287.67,3.6240,0.02,56.99,26.29,237.09,0.0903,0.0210,0.3047,31031.01,39.8831,237.39,31070.90,0.007640,0.0076167,0.03107,
11/10/2016,9:58,T19,36,35.79,IB 30-S2,IB 30,S,2,1635.16,3.0151,0.02,487.31,1.9759,1795.34,3.1547,2545.24,3.8305,0.02,63.40,22.67,259.76,0.0954,0.0203,0.0731,33998.27,9.5689,259.83,34007.84,0.007640,0.0076144,0.03401,
12/1/2016,11:00,T20,57,56.83,IB 30-S2,IB 30,S,2,1795.34,3.1547,0.02,754.00,1.9250,4892.00,5.6200,7264.33,7.7384,0.02,180.96,136.24,396.00,0.1928,0.1142,0.1398,51829.60,18.2955,396.14,51847.90,0.007640,0.0076008,0.05185,
12/8/2016,14:40,T21,64,63.99,IB 30-S2,IB 30,S,2,4892.00,5.6200,0.02,612.27,2.1026,4590.00,5.8038,6870.45,7.9257,0.02,171.15,49.29,445.29,0.1974,0.0574,0.1445,58280.22,18.9064,445.43,58299.13,0.007640,0.0075959,0.05830,
12/8/2016,14:40,T21,64,63.99,IB 30-S2,IB 30,S,2,opened bottles to atmosphere,opened bottles to atmosphere,0.02,,,667.63,2.0962,,,,,,445.29,0.0000,,,,,,,,0.0000000,,
12/20/2016,9:30,T22,76,75.77,IB 30-S2,IB 30,S,2,667.63,2.0962,0.02,489.13,1.9774,2414.52,3.3550,3518.35,4.1448,0.02,87.65,71.01,516.30,0.1033,0.0510,0.1033,67574.84,13.5138,516.40,67588.35,0.007640,0.0075888,0.06759,Bottle opened to atm prior to incubation
1/4/2017,14:00,T23,91,90.96,IB 30-S2,IB 30,S,2,2414.52,3.3550,0.02,578.00,2.0640,2850.00,4.6970,4152.55,6.2065,0.02,103.44,43.30,559.60,0.1546,0.0710,0.3962,73241.57,51.8598,559.99,73293.43,0.007640,0.0075844,0.07329,
1/10/2017,10:00,T24,97,96.79,IB 30-S2,IB 30,S,2,2850.00,4.6970,0.02,555.00,2.0050,3232.00,4.8720,4766.73,6.5157,0.02,118.74,47.75,607.34,0.1623,0.0453,0.1789,79490.98,23.4152,607.52,79514.39,0.007640,0.0075797,0.07951,
1/18/2017,11:00,T25,105,104.83,IB 30-S2,IB 30,S,2,3232.00,4.8720,0.02,518.00,1.9160,3757.00,5.1580,5613.93,7.0167,0.02,139.85,59.34,666.68,0.1748,0.0534,0.1620,87257.12,21.2043,666.84,87278.33,0.007640,0.0075737,0.08728,
1/25/2017,13:30,T26,112,111.94,IB 30-S2,IB 30,S,2,3757.00,5.1580,0.02,551.00,2.0290,3911.00,5.3590,5837.30,7.2681,0.02,145.41,51.82,718.50,0.1811,0.0526,0.2816,94039.83,36.8590,718.79,94076.69,0.007640,0.0075685,0.09408,
2/1/2017,10:30,T27,119,118.81,IB 30-S2,IB 30,S,2,3911.00,5.3590,0.02,603.60,2.0285,4065.00,5.4862,6049.43,7.4685,0.02,150.70,53.27,771.77,0.1860,0.0526,0.3094,101012.07,40.4922,772.08,101052.56,0.007640,0.0075632,0.10105,
2/8/2017,14:00,T28,126,125.96,IB 30-S2,IB 30,S,2,4065.00,5.4862,0.02,523.50,1.9592,4303.00,5.6265,6469.80,7.7290,0.02,161.17,59.91,831.68,0.1925,0.0559,0.1925,108852.78,25.1999,831.87,108877.98,0.007640,0.0075572,0.10888,
2/15/2017,14:35,T29,133,132.98,IB 30-S2,IB 30,S,2,4303.00,5.6265,0.02,582.70,2.0140,4310.20,5.5410,6447.19,7.5630,0.02,160.61,53.41,885.09,0.1884,0.0482,0.1920,115843.79,25.1357,885.29,115868.93,0.007640,0.0075519,0.11587,
2/22/2017,13:30,T30,140,139.94,IB 30-S2,IB 30,S,2,4310.20,5.5410,0.02,555.60,1.9180,4452.00,5.5690,6685.82,7.6621,0.02,166.55,59.18,944.27,0.1909,0.0528,0.2016,123589.37,26.3806,944.48,123615.75,0.007640,0.0075460,0.12362,
3/2/2017,9:40,T31,148,147.78,IB 30-S2,IB 30,S,2,4452.00,5.5690,0.02,495.00,1.9330,4440.00,5.7390,6701.68,7.9210,0.02,166.95,56.04,1000.32,0.1973,0.0586,0.3856,130924.33,50.4660,1000.70,130974.80,0.007640,0.0075403,0.13097,
3/7/2017,14:17,T32,153,152.97,IB 30-S2,IB 30,S,2,4440.00,5.7390,0.02,405.20,1.8910,4160.80,5.5460,6313.90,7.6414,0.02,157.29,46.68,1047.00,0.1904,0.0474,0.4003,137034.08,52.3905,1047.40,137086.47,0.007640,0.0075357,0.13709,
3/15/2017,15:00,T33,161,161.00,IB 30-S2,IB 30,S,2,4160.80,5.5460,0.02,482.80,1.9205,4456.20,5.7180,6734.17,7.8951,0.02,167.76,64.11,1111.10,0.1967,0.0585,0.2133,145424.39,27.9129,1111.32,145452.30,0.007640,0.0075293,0.14545,
10/5/2016,15:00,T7,0,0.00,IB 30-S3,IB 30,S,3,,,0.02,,,631.13,2.1841,992.96,3.4363,0.02,24.74,0.00,0.00,0.0856,0.0000,0.0000,0.00,0.0000,0.00,0.00,0.007009,0.0070095,0.00000,
10/6/2016,15:30,T8,1,1.02,IB 30-S3,IB 30,S,3,631.13,2.1841,0.02,419.32,1.8604,720.50,2.2766,893.17,2.5152,0.02,22.25,6.53,6.53,0.0627,0.0082,0.2726,931.26,38.8882,6.80,970.15,0.007009,0.0070088,0.00097,
10/7/2016,11:13,T9,2,1.84,IB 30-S3,IB 30,S,3,720.50,2.2766,0.02,452.66,1.8549,769.34,2.3255,950.89,2.5953,0.02,23.69,5.74,12.27,0.0647,0.0079,0.2943,1750.07,41.9813,12.56,1792.05,0.007009,0.0070082,0.00179,
10/11/2016,15:11,T10,6,6.01,IB 30-S3,IB 30,S,3,769.34,2.3255,0.02,544.13,1.9958,1437.76,2.9104,1950.08,3.4347,0.02,48.58,29.41,41.68,0.0856,0.0276,0.0853,5946.35,12.1761,41.77,5958.52,0.007009,0.0070053,0.00596,
10/14/2016,15:25,T11,9,9.02,IB 30-S3,IB 30,S,3,1437.76,2.9104,0.02,458.39,1.9997,2060.23,3.2458,2978.57,3.9602,0.02,74.20,38.38,80.06,0.0987,0.0262,0.0985,11422.29,14.0562,80.16,11436.34,0.007009,0.0070014,0.01144,
10/17/2016,10:20,T12,12,11.81,IB 30-S3,IB 30,S,3,2060.23,3.2458,0.02,525.32,1.9193,2395.80,3.4354,3468.15,4.3046,0.02,86.40,35.07,115.14,0.1072,0.0264,0.1072,16425.95,15.2982,115.24,16441.25,0.007009,0.0069979,0.01644,
10/20/2016,11:07,T13,15,14.84,IB 30-S3,IB 30,S,3,2395.80,3.4354,0.02,483.51,1.8975,2714.66,3.6252,3993.79,4.6157,0.02,99.49,39.81,154.94,0.1150,0.0294,0.1725,22105.10,24.6121,155.12,22129.71,0.007009,0.0069939,0.02213,
10/24/2016,12:11,T14,19,18.88,IB 30-S3,IB 30,S,3,2714.66,3.6252,0.02,422.57,1.9897,3129.12,3.9727,4680.80,5.1096,0.02,116.60,48.98,203.92,0.1273,0.0370,0.1608,29092.61,22.9408,204.08,29115.55,0.007009,0.0069890,0.02912,
10/26/2016,15:39,T15,21,21.03,IB 30-S3,IB 30,S,3,3129.12,3.9727,0.02,436.21,1.9796,3061.03,3.9137,4565.85,5.0225,0.02,113.74,35.79,239.71,0.1251,0.0262,0.2732,34198.65,38.9811,239.99,34237.63,0.007009,0.0069855,0.03424,
10/26/2016,16:40,T15,21,21.07,IB 30-S3,IB 30,S,3,opened bottles to atmosphere,opened bottles to atmosphere,0.02,,,488.34,1.9806,,,,,,239.71,0.0000,,,,,,,,,,*opened bottles to atmosphere*
10/28/2016,13:45,T16,23,22.95,IB 30-S3,IB 30,S,3,488.34,1.9806,0.02,481.13,1.9597,929.85,2.2645,1187.10,2.4392,0.02,29.57,17.41,257.12,0.0608,0.0114,0.0608,36682.01,8.6689,257.18,36690.68,0.007009,0.0069837,0.03669,Bottle opened to atm prior to incubation
10/31/2016,15:05,T15,26,26.00,IB 30-S3,IB 30,S,3,929.85,2.2645,0.02,502.77,1.9930,1103.01,2.6550,1447.13,3.0345,0.02,36.05,12.89,270.01,0.0756,0.0192,0.1296,38520.39,18.4905,270.14,38538.88,0.007009,0.0069824,0.03854,
11/2/2016,14:25,T16,28,27.98,IB 30-S3,IB 30,S,3,1103.01,2.6550,0.02,406.55,1.9036,1446.93,2.8080,2043.38,3.3265,0.02,50.90,23.43,293.43,0.0829,0.0167,0.1457,41862.42,20.7856,293.58,41883.20,0.007009,0.0069801,0.04188,
11/4/2016,10:25,T17,30,29.81,IB 30-S3,IB 30,S,3,1446.93,2.8080,0.02,497.53,1.9178,1589.05,2.8890,2214.82,3.4458,0.02,55.17,19.13,312.56,0.0858,0.0159,0.3285,44591.46,46.8588,312.89,44638.32,0.007009,0.0069782,0.04464,
11/7/2016,15:28,T18,33,33.02,IB 30-S3,IB 30,S,3,1589.05,2.8890,0.02,498.41,1.9536,2143.75,3.1766,3087.03,3.8778,0.02,76.90,37.32,349.88,0.0966,0.0246,0.3587,49915.18,51.1776,350.24,49966.36,0.007009,0.0069744,0.04997,
11/10/2016,9:58,T19,36,35.79,IB 30-S3,IB 30,S,3,2143.75,3.1766,0.02,492.42,1.9875,2325.31,3.3238,3376.11,4.0899,0.02,84.10,30.70,380.58,0.1019,0.0228,0.1727,54294.91,24.6393,380.75,54319.55,0.007009,0.0069714,0.05432,
12/1/2016,11:00,T20,57,56.83,IB 30-S3,IB 30,S,3,2325.31,3.3238,0.02,767.00,1.9300,5834.00,6.0630,8738.93,8.4325,0.02,217.70,159.77,540.35,0.2101,0.1273,0.1557,77088.50,22.2063,540.50,77110.71,0.007009,0.0069554,0.07711,
12/8/2016,14:40,T21,64,63.99,IB 30-S3,IB 30,S,3,5834.00,6.0630,0.02,600.67,2.0960,5779.34,6.2810,8748.29,8.6803,0.02,217.93,72.60,612.95,0.2162,0.0652,0.1618,87445.70,23.0870,613.11,87468.79,0.007009,0.0069481,0.08747,
12/8/2016,14:40,T21,64,63.99,IB 30-S3,IB 30,S,3,opened bottles to atmosphere,opened bottles to atmosphere,0.02,,,691.97,2.1079,,,,,,612.95,0.0000,,,,,,,,0.0000000,,
12/20/2016,9:30,T22,76,75.77,IB 30-S3,IB 30,S,3,691.97,2.1079,0.02,494.32,1.9753,2540.12,3.4521,3712.99,4.2988,0.02,92.49,75.26,688.20,0.1071,0.0546,0.1071,98182.19,15.2775,688.31,98197.47,0.007009,0.0069406,0.09820,Bottle opened to atm prior to incubation
1/4/2017,14:00,T23,91,90.96,IB 30-S3,IB 30,S,3,2540.12,3.4521,0.02,582.00,2.0280,4561.00,5.1620,6842.18,6.9587,0.02,170.45,107.17,795.37,0.1734,0.0874,0.1910,113471.41,27.2517,795.56,113498.66,0.007009,0.0069299,0.11350,
1/10/2017,10:00,T24,97,96.79,IB 30-S3,IB 30,S,3,4561.00,5.1620,0.02,552.00,2.0290,4510.00,5.2100,6779.14,7.0337,0.02,168.88,55.26,850.63,0.1752,0.0466,0.1969,121354.52,28.0863,850.83,121382.61,0.007009,0.0069244,0.12138,
1/18/2017,11:00,T25,105,104.83,IB 30-S3,IB 30,S,3,4510.00,5.2100,0.02,470.00,1.9000,3320.00,5.3760,4953.92,7.3688,0.02,123.41,11.06,861.69,0.1836,0.0538,0.2658,122932.17,37.9166,861.95,122970.09,0.007009,0.0069233,0.12297,
1/25/2017,13:30,T26,112,111.94,IB 30-S3,IB 30,S,3,3320.00,5.3760,0.02,543.00,2.0377,3759.00,5.5316,5602.75,7.5347,0.02,139.57,56.87,918.55,0.1877,0.0538,0.2495,131044.90,35.5998,918.80,131080.50,0.007009,0.0069176,0.13108,
2/1/2017,10:30,T27,119,118.81,IB 30-S3,IB 30,S,3,3759.00,5.5316,0.02,619.30,2.0350,3867.00,5.6760,5728.92,7.7634,0.02,142.71,49.07,967.63,0.1934,0.0556,0.3691,138045.86,52.6627,968.00,138098.52,0.007009,0.0069127,0.13810,
2/8/2017,14:00,T28,126,125.96,IB 30-S3,IB 30,S,3,3867.00,5.6760,0.02,512.90,1.9570,4263.00,5.8820,6412.95,8.1322,0.02,159.75,63.42,1031.05,0.2026,0.0612,0.2026,147093.99,28.9014,1031.25,147122.89,0.007009,0.0069063,0.14712,
2/15/2017,14:35,T29,133,132.98,IB 30-S3,IB 30,S,3,4263.00,5.8820,0.02,602.80,2.0026,4364.30,5.7697,6520.78,7.9294,0.02,162.44,56.24,1087.29,0.1975,0.0510,0.2019,155118.00,28.8016,1087.49,155146.80,0.007009,0.0069007,0.15515,
2/22/2017,13:30,T30,140,139.94,IB 30-S3,IB 30,S,3,4364.30,5.7697,0.02,575.90,1.9200,4659.90,5.8690,7001.27,8.1330,0.02,174.41,65.69,1152.98,0.2026,0.0589,0.2661,164489.63,37.9588,1153.25,164527.59,0.007009,0.0068941,0.16453,
3/2/2017,9:40,T31,148,147.78,IB 30-S3,IB 30,S,3,4659.90,5.8690,0.02,491.00,1.9320,4845.00,5.9430,7341.17,8.2425,0.02,182.88,66.79,1219.78,0.2053,0.0591,0.2811,174018.67,40.0995,1220.06,174058.77,0.007009,0.0068874,0.17406,
3/7/2017,14:17,T32,153,152.97,IB 30-S3,IB 30,S,3,4845.00,5.9430,0.02,405.90,1.8890,4670.10,5.7042,7114.78,7.8915,0.02,177.24,56.54,1276.32,0.1966,0.0485,0.4531,182085.32,64.6373,1276.77,182149.96,0.007009,0.0068818,0.18215,
3/15/2017,15:00,T33,161,161.00,IB 30-S3,IB 30,S,3,4670.10,5.7042,0.02,479.30,1.9190,5416.10,5.9030,8246.39,8.1870,0.02,205.43,89.09,1365.41,0.2039,0.0619,0.2256,194795.21,32.1852,1365.63,194827.40,0.007009,0.0068729,0.19483,
