"id","name","lat","lon","State","Region","ObjName","Month","Year","potentialreadings","numreadings","readings.pct","largestGap","largestGapCount","sixMinGaps","sixMinGaps.pct","Deep Sed C Annual Decomp (mol C/mol C)","Deep Sed C Annual Decomp SD (mol C/mol C)","Shallow Sed C Annual Decomp (mol C/mol C)","Shallow Sed C Annual Decomp SD (mol C/mol C)"
8410140,"Eastport",44.9046,-66.9829,"ME","Atlantic","Eastport.ME",9,2019,87840,87816,0.999726775956284,24,3,87799,0.999817798781529,0.0512928056210053,0.0197860391858627,0.0808755646534145,0.015166468864004
8411060,"Cutler Farris Wharf",44.657,-67.2047,"ME","Atlantic","CutlerFarrisWharf.ME",9,2019,87840,87797,0.999510473588342,126,1,87786,0.999886099594515,0.0514348847607112,0.0200750600294141,0.0810835453148274,0.0155276926820338
8413320,"Bar Harbor",44.3922,-68.2043,"ME","Atlantic","BarHarbor.ME",8,2019,87840,87780,0.99931693989071,18,7,87726,0.999396210938835,0.0556565789765034,0.0165743309897588,0.0862415731439571,0.0128532013432185
8418150,"Portland",43.6581,-70.2442,"ME","Atlantic","Portland.ME",9,2013,87600,87558,0.999520547945206,24,1,87523,0.999611681533173,0.0569150318040877,0.0174137163554431,0.0876377255123959,0.0136976263014948
8419317,"Wells",43.32,-70.5633,"ME","Atlantic","Wells.ME",8,2019,87840,87801,0.999556010928962,30,1,87766,0.999612756264237,0.0671211913932391,0.0162357303888615,0.100754755063525,0.0125968086136994
8443970,"Boston",42.3548,-71.0534,"MA","Atlantic","Boston.MA",9,2012,87600,87581,0.999783105022831,48,1,87570,0.999885818680064,0.0709480868658018,0.01345007265543,0.105522727414233,0.0100776360779685
8447386,"Fall River",41.7043,-71.1641,"MA","Atlantic","FallRiver.MA",4,2017,87600,87383,0.997522831050228,558,1,87338,0.999496463802614,0.0914537056782558,0.0119047702971309,0.129601947172809,0.0088221376741902
8447435,"Chatham, Lydia Cove",41.6885,-69.9511,"MA","Atlantic","ChathamLydiaCove.MA",3,2020,87600,18225,0.208047945205479,111546,1,18172,0.997146619841967,0.0910101108463907,0.0135732942824037,0.131132340051902,0.00918268806545697
8447930,"Woods Hole",41.5236,-70.6711,"MA","Atlantic","WoodsHole.MA",2,2017,87600,87484,0.998675799086758,24,2,87377,0.99878833601957,0.0847076874691423,0.0125601234320055,0.121634440768475,0.00937666652405249
8449130,"Nantucket Island",41.2853,-70.0964,"MA","Atlantic","NantucketIsland.MA",10,2013,87600,87486,0.998698630136986,30,1,87383,0.998834085843287,0.0868893555182066,0.0124599474855509,0.123850776028781,0.00950861317998588
8452660,"Newport",41.505,-71.3267,"RI","Atlantic","Newport.RI",7,2013,87600,87237,0.995856164383562,582,1,87178,0.999335136870099,0.0814419113723505,0.0133323642603717,0.11773309838464,0.0102647623538571
8452944,"Conimicut Light",41.7167,-71.3433,"RI","Atlantic","ConimicutLight.RI",1,2013,87600,87410,0.997831050228311,426,1,87344,0.999256369481404,0.103060197464069,0.0124422635127226,0.143173363984291,0.00938492155483553
8454000,"Providence",41.8071,-71.4012,"RI","Atlantic","Providence.RI",7,2012,87600,87422,0.99796803652968,228,1,87368,0.999393738346621,0.0957763434011868,0.0123964756666358,0.134741360342871,0.00938032288205993
8454049,"Quonset Point",41.5868,-71.411,"RI","Atlantic","QuonsetPoint.RI",8,2013,87600,87096,0.994246575342466,402,1,87075,0.999770365692634,0.0843772271001432,0.0134139204113038,0.12090553108117,0.0102807755613894
8461490,"New London",41.3614,-72.09,"CT","Atlantic","NewLondon.CT",10,2012,87600,87456,0.998356164383562,168,1,87366,0.998982333771654,0.0837816655198288,0.0131969129334457,0.121320753371831,0.00967591834269041
8465705,"New Haven",41.2833,-72.9083,"CT","Atlantic","NewHaven.CT",7,2013,87600,87548,0.999406392694064,30,1,87502,0.999485990382309,0.0900135662932783,0.013050148822268,0.127295711688145,0.010085374045783
8467150,"Bridgeport",41.1733,-73.1817,"CT","Atlantic","Bridgeport.CT",9,2013,87600,87538,0.999292237442922,30,1,87485,0.999405965477455,0.0869592316777211,0.0133131631763251,0.123868335052593,0.0103118757083253
8510560,"Montauk",41.0483,-71.9594,"NY","Atlantic","Montauk.NY",11,2018,87600,87377,0.997454337899543,30,4,87207,0.998065830433986,0.0832424736847597,0.0126314546359825,0.120016680027146,0.00941088372324362
8516945,"Kings Point",40.8103,-73.765,"NY","Atlantic","KingsPoint.NY",5,2012,87600,87519,0.999075342465753,78,1,87469,0.999440115176307,0.0941902927850831,0.0124631247183694,0.13278365963675,0.00940859852887896
8518750,"The Battery",40.7006,-74.0142,"NY","Atlantic","TheBattery.NY",7,2019,87840,87835,0.999943078324226,12,5,87829,0.999943074435868,0.0955302891765696,0.0136530839284935,0.135037884648282,0.0101159543048789
8518962,"Turkey Point Hudson River NERRS",42.0139,-73.9392,"NY","Atlantic","TurkeyPointHudsonRiverNERRS.NY",8,2019,87840,87674,0.998110200364299,84,1,87569,0.99881377390987,0.102166434808878,0.0141730995492881,0.140355128317679,0.0112673937112176
8519483,"Bergen Point West Reach",40.6367,-74.1417,"NY","Atlantic","BergenPointWestReach.NY",8,2019,87840,87707,0.998485883424408,102,1,87660,0.999475520488906,0.102904733448528,0.0130315799962294,0.143379362598925,0.00968856971467342
8531680,"Sandy Hook",40.4669,-74.0094,"NJ","Atlantic","SandyHook.NJ",9,2018,87600,87416,0.997899543378995,234,1,87361,0.999382257049705,0.101757265018907,0.0114271783600919,0.141366671185099,0.00851112929694912
8534720,"Atlantic City",39.355,-74.4183,"NJ","Atlantic","AtlanticCity.NJ",7,2013,87600,87539,0.999303652968037,24,1,87485,0.999394548653156,0.0856357068108432,0.0116636029389729,0.122737763074787,0.00875993804082625
8536110,"Cape May",38.9678,-74.9597,"NJ","Atlantic","CapeMay.NJ",7,2013,87600,87526,0.999155251141552,30,1,87459,0.999245929734362,0.109727654575022,0.0105676921856384,0.151303193128979,0.00748398981038961
8537121,"Ship John Shoal",39.305,-75.375,"NJ","Atlantic","ShipJohnShoal.NJ",1,2013,87600,87487,0.9987100456621,498,1,87472,0.999839974395903,0.109082120747781,0.0129570786731671,0.149781218624091,0.00991194155110593
8539094,"Burlington, Delaware River",40.08,-74.8733,"NJ","Atlantic","BurlingtonDelawareRiver.NJ",2,2014,87600,87457,0.998367579908676,204,1,87384,0.999176728869374,0.103094814165916,0.0135607045334331,0.142313465834475,0.0105211137085745
8540433,"Marcus Hook",39.8117,-75.4094,"PA","Atlantic","MarcusHook.PA",3,2012,87600,87494,0.9987899543379,378,1,87472,0.999759980798464,0.129394031289795,0.0112238880568902,0.173366694358696,0.00813495197656085
8545240,"Philadelphia",39.9333,-75.1417,"PA","Atlantic","Philadelphia.PA",9,2013,87600,87564,0.99958904109589,24,1,87531,0.999634548839122,0.0979365719135813,0.0130297763563612,0.136417238654012,0.00991743753040818
8546252,"Bridesburg",39.9833,-75.075,"PA","Atlantic","Bridesburg.PA",7,2018,87600,84685,0.966723744292237,14706,1,84544,0.998346795144301,0.107507313264624,0.0108448486041391,0.14827528386824,0.00793519243793343
8548989,"Newbold",40.1373,-74.7519,"PA","Atlantic","Newbold.PA",10,2012,87600,87451,0.998299086757991,102,1,87381,0.999210977701544,0.108560106803085,0.011296101775562,0.149238757181138,0.00835548171157917
8551762,"Delaware City",39.5817,-75.5883,"DE","Atlantic","DelawareCity.DE",11,2012,87600,87567,0.999623287671233,90,1,87557,0.99989722038234,0.115906920437172,0.0113601132072575,0.157679976342911,0.00848015900795178
8551910,"Reedy Point",39.5583,-75.5733,"DE","Atlantic","ReedyPoint.DE",6,2017,87600,87559,0.99953196347032,42,1,87534,0.999725895977523,0.118783804485937,0.0111778105835484,0.160599223025854,0.00830393971794545
8555889,"Brandywine Shoal Light",38.9867,-75.1133,"DE","Atlantic","BrandywineShoalLight.DE",4,2011,87840,84143,0.957912112932605,11952,1,83686,0.994580589955076,0.107231679842538,0.0114805126804229,0.149446120781564,0.007811618870661
8557380,"Lewes",38.7828,-75.1192,"DE","Atlantic","Lewes.DE",10,2013,87600,87497,0.998824200913242,354,1,87469,0.999691414464661,0.0948379390552161,0.0112543362753104,0.133542147797257,0.00830251228454818
8570283,"Ocean City Inlet",38.3283,-75.0917,"MD","Atlantic","OceanCityInlet.MD",8,2019,87840,87778,0.999294171220401,24,1,87720,0.999350627157456,0.104354178237397,0.0113069272277561,0.145788825807061,0.00795682667384182
8571421,"Bishops Head",38.2204,-76.0387,"MD","Atlantic","BishopsHead.MD",5,2012,87600,86095,0.982819634703196,1050,1,85968,0.998536483378633,0.126434486598742,0.0103897621649213,0.169328873600584,0.00763862740743047
8571892,"Cambridge",38.5742,-76.0722,"MD","Atlantic","Cambridge.MD",8,2019,87840,87756,0.999043715846995,48,1,87697,0.999339068998917,0.127449925614097,0.0116168424189783,0.170823358377461,0.00855659871486723
8573364,"Tolchester Beach",39.2134,-76.2445,"MD","Atlantic","TolchesterBeach.MD",9,2011,87840,87703,0.998440346083789,372,1,87647,0.999372876331213,0.123186852898374,0.00996670466384316,0.166300184359296,0.00713838569665558
8573927,"Chesapeake City",39.5267,-75.81,"MD","Atlantic","ChesapeakeCity.MD",4,2011,87840,87700,0.998406193078324,456,1,87657,0.999521089180036,0.124568431041426,0.0104420965351304,0.167618357530862,0.00763515635049171
8574680,"Baltimore, Fort McHenry, Patapsco River",39.2667,-76.5783,"MD","Atlantic","BaltimoreFortMcHenryPatapscoRiver.MD",6,2011,87840,87782,0.99933970856102,72,1,87765,0.999817728209977,0.126949777393965,0.010503233748263,0.171248706841563,0.00744390022106905
8575512,"Annapolis",38.9833,-76.4816,"MD","Atlantic","Annapolis.MD",6,2020,87600,17791,0.203093607305936,138,1,17762,0.998426082068578,0.268329510802009,0.0213865046051551,0.33133745674379,0.0143367217660332
8577330,"Solomons Island",38.3172,-76.4508,"MD","Atlantic","SolomonsIsland.MD",6,2013,87600,87504,0.998904109589041,156,1,87444,0.999325737403289,0.120244011904256,0.0114252697157515,0.162417292002497,0.00848959725647817
8594900,"Washington",38.8733,-77.0217,"DC","Atlantic","Washington.DC",6,2013,87600,87583,0.999805936073059,18,7,87572,0.999885821287479,0.121770355690731,0.0112421530999498,0.163684462269127,0.00849385686026486
8631044,"Wachapreague",37.6078,-75.6858,"VA","Atlantic","Wachapreague.VA",4,2011,87840,87222,0.992964480874317,984,1,87124,0.99888788250536,0.137402286521935,0.00941501682035334,0.183118476084961,0.00640264798326764
8632200,"Kiptopeke",37.1652,-75.9884,"VA","Atlantic","Kiptopeke.VA",9,2013,87600,87091,0.994189497716895,2412,1,87057,0.999621081639683,0.126435551967067,0.0109410310611147,0.17021991966024,0.00776306731512889
8635027,"Dahlgren",38.3197,-77.0366,"VA","Atlantic","Dahlgren.VA",8,2018,87600,50446,0.575867579908676,738,1,50342,0.997958172266825,0.102840587447396,0.0155390917099221,0.140732804636366,0.0122329559666209
8635750,"Lewisetta",37.9954,-76.4646,"VA","Atlantic","Lewisetta.VA",7,2017,87600,87536,0.999269406392694,132,1,87524,0.999874335979894,0.127582341270049,0.0101390885286138,0.170891104482185,0.00730541225787494
8637689,"Yorktown USCG Training Center",37.2265,-76.4788,"VA","Atlantic","YorktownUSCGTrainingCenter.VA",4,2017,87600,87490,0.998744292237443,132,1,87454,0.999599949707963,0.130385206947166,0.0101316208987234,0.17511887340462,0.00694588305992803
8638610,"Sewells Point",36.9467,-76.33,"VA","Atlantic","SewellsPoint.VA",1,2014,87600,87526,0.999155251141552,186,1,87498,0.999691516709512,0.122056605730484,0.0118133576446508,0.165410268672389,0.00814062436044132
8638901,"CBBT, Chesapeake Channel",37.0329,-76.0833,"VA","Atlantic","CBBTChesapeakeChannel.VA",5,2017,87600,55828,0.637305936073059,13494,1,55668,0.997151915739696,0.149587259588423,0.010251218736626,0.199670836982234,0.00530891956550549
8639348,"Money Point",36.7783,-76.3017,"VA","Atlantic","MoneyPoint.VA",7,2017,87600,87509,0.998961187214612,240,1,87492,0.999817159573982,0.138143336410046,0.0101267376534267,0.184019777832219,0.00675817539312406
8651370,"Duck",36.1833,-75.7467,"NC","Atlantic","Duck.NC",9,2013,87600,87299,0.996563926940639,258,1,87164,0.998465027835689,0.107137807214371,0.0104923704449864,0.148860011050449,0.00728871383887387
8652587,"Oregon Inlet Marina",35.795,-75.5481,"NC","Atlantic","OregonInletMarina.NC",4,2017,87600,87467,0.998481735159817,612,1,87439,0.999691308622779,0.137531828835453,0.00923673036811459,0.183997482305114,0.00584901753254166
8654467,"USCG Station Hatteras",35.2086,-75.7042,"NC","Atlantic","USCGStationHatteras.NC",4,2017,87600,87536,0.999269406392694,30,1,87487,0.999451647912264,0.145871889689854,0.00993497742134354,0.19453185250948,0.00578173096862477
8656483,"Beaufort, Duke Marine Lab",34.72,-76.67,"NC","Atlantic","BeaufortDukeMarineLab.NC",9,2012,87600,87572,0.999680365296804,48,1,87557,0.99984012972331,0.142571494992732,0.010790111448513,0.190233780412655,0.00688049872130087
8658120,"Wilmington",34.2275,-77.9536,"NC","Atlantic","Wilmington.NC",11,2017,87600,87533,0.999235159817352,24,2,87476,0.999360233971576,0.157790460780509,0.00963004315225354,0.207007733551945,0.00607144247412441
8658163,"Wrightsville Beach",34.2133,-77.7867,"NC","Atlantic","WrightsvilleBeach.NC",10,2016,87600,87516,0.999041095890411,66,1,87450,0.999257270182255,0.163676828631257,0.0106144177193498,0.215269718327565,0.00619881930873134
8665530,"Charleston, Cooper River Entrance",32.7808,-79.9236,"SC","Atlantic","CharlestonCooperRiverEntrance.SC",9,2012,87600,87466,0.998470319634703,90,1,87373,0.998948150688847,0.160772031389956,0.0123222958269946,0.211102637274032,0.00776195017778086
8670870,"Fort Pulaski",32.0367,-80.9017,"GA","Atlantic","FortPulaski.GA",12,2016,87600,87544,0.999360730593607,48,1,87512,0.999645888306318,0.177083025612436,0.010240254975703,0.229986726517672,0.00612765919422658
8720030,"Fernandina Beach",30.6714,-81.4658,"FL","Atlantic","FernandinaBeach.FL",9,2013,87600,87017,0.993344748858447,2964,1,86943,0.999161073825503,0.176740069223247,0.0106001944591382,0.229033167273114,0.00671035562817686
8720218,"Mayport (Bar Pilots Dock)",30.3982,-81.4279,"FL","Atlantic","Mayport(BarPilotsDock).FL",2,2013,87600,87462,0.998424657534247,270,1,87375,0.999016704588331,0.171912217236056,0.0104515760427246,0.224725194344215,0.00593631724884365
8720219,"Dames Point",30.3867,-81.5583,"FL","Atlantic","DamesPoint.FL",9,2019,87840,87529,0.996459471766849,1002,1,87426,0.998834658623526,0.198961104179162,0.0112289190981403,0.254548923741975,0.00682554139022471
8720245,"Jacksonville University",30.3541,-81.6118,"FL","Atlantic","JacksonvilleUniversity.FL",5,2015,87840,85862,0.977481785063752,2334,1,85594,0.996890322730926,0.201369061180386,0.0107420473930779,0.257301410417997,0.00666084610840135
8721604,"Trident Pier, Port Canaveral",28.4158,-80.5931,"FL","Atlantic","TridentPierPortCanaveral.FL",9,2013,87600,87465,0.998458904109589,150,1,87364,0.998856672459526,0.212320194788895,0.0123063215458519,0.270246221574943,0.00740518034396027
8722670,"Lake Worth Pier, Atlantic Ocean",26.6128,-80.0342,"FL","Atlantic","LakeWorthPierAtlanticOcean.FL",2,2012,87840,87631,0.997620673952641,66,1,87476,0.998242610977976,0.232624466828967,0.0160689052954827,0.293271979693381,0.00946834051834
8722956,"South Port Everglades",26.0817,-80.1167,"FL","Atlantic","SouthPortEverglades.FL",7,2019,87840,87728,0.998724954462659,24,3,87624,0.998825903085709,0.36972076296051,0.0158025397788839,0.433502580365587,0.0119482019034503
8723214,"Virginia Key, Biscayne Bay",25.7314,-80.1618,"FL","Atlantic","VirginiaKeyBiscayneBay.FL",12,2012,87600,87453,0.998321917808219,354,1,87391,0.999302474500297,0.233200098170269,0.0139702196407275,0.293327657875036,0.00883610594918935
8723970,"Vaca Key, Florida Bay",24.711,-81.1065,"FL","Gulf","VacaKeyFloridaBay.FL",8,2019,87840,87748,0.998952641165756,198,1,87702,0.999487161954255,0.263521986044091,0.0132555511823553,0.325043365844813,0.00896390457303766
8724580,"Key West",24.5508,-81.8081,"FL","Gulf","KeyWest.FL",9,2013,87600,87513,0.999006849315068,288,1,87488,0.999725751896883,0.257091781879502,0.0140431247678562,0.318604939979196,0.00914233113784885
8725110,"Naples, Gulf of Mexico",26.1317,-81.8075,"FL","Gulf","NaplesGulfofMexico.FL",6,2013,87600,87268,0.9962100456621,168,1,86983,0.99674561976463,0.231559901222642,0.0126595448505065,0.290914859540757,0.00807887491692894
8725520,"Fort Myers",26.6477,-81.8712,"FL","Gulf","FortMyers.FL",11,2011,87840,87756,0.999043715846995,114,1,87728,0.999692325223634,0.23278785503979,0.0120631257266308,0.292137963158571,0.0076949764589566
8726384,"Port Manatee",27.6383,-82.5625,"FL","Gulf","PortManatee.FL",5,2017,87600,87462,0.998424657534247,420,1,87428,0.999622688969941,0.220276248719852,0.010225121922705,0.27747714243634,0.00649298192582288
8726520,"St. Petersburg, Tampa Bay",27.7606,-82.6269,"FL","Gulf","St.PetersburgTampaBay.FL",7,2011,87840,87793,0.999464936247723,258,1,87786,0.999931656642974,0.243356730871041,0.0117355644038084,0.303095960070649,0.00759238892994303
8726607,"Old Port Tampa",27.8578,-82.5528,"FL","Gulf","OldPortTampa.FL",1,2013,87600,87553,0.999463470319635,150,1,87545,0.99992004751462,0.212997150874799,0.0113696462724361,0.270325750812848,0.00701281086033581
8726674,"East Bay",27.9231,-82.4214,"FL","Gulf","EastBay.FL",4,2020,87600,30971,0.353550228310502,24,1,30954,0.999483371004198,0.303792885050126,0.0187159229003825,0.367910889782308,0.0132859263388171
8726724,"Clearwater Beach",27.9783,-82.8317,"FL","Gulf","ClearwaterBeach.FL",7,2011,87840,87476,0.995856102003643,702,1,87328,0.998319519862818,0.211687136336196,0.0104916190616682,0.268642343557551,0.00637352735132371
8727520,"Cedar Key",29.135,-83.0317,"FL","Gulf","CedarKey.FL",2,2012,87840,87186,0.992554644808743,1788,1,87135,0.999426506853243,0.200696508789014,0.0104474284308784,0.256315165693178,0.0064079460094102
8728690,"Apalachicola",29.7267,-84.9817,"FL","Gulf","Apalachicola.FL",10,2013,87600,87480,0.998630136986301,366,1,87430,0.999439865567736,0.17986963467331,0.0101566178569114,0.232026718688651,0.00647305788596824
8729108,"Panama City",30.1523,-85.6669,"FL","Gulf","PanamaCity.FL",6,2011,87840,87807,0.999624316939891,30,1,87781,0.999715281415849,0.202756408620572,0.0109550902528139,0.25840967584488,0.00677708317313605
8729210,"Panama City Beach",30.2133,-85.8783,"FL","Gulf","PanamaCityBeach.FL",11,2013,87600,87508,0.998949771689498,414,1,87482,0.9997143085696,0.182728444352632,0.0100356229232661,0.236343979134668,0.00600335408117186
8729840,"Pensacola",30.4044,-87.2112,"FL","Gulf","Pensacola.FL",1,2014,87600,87385,0.997545662100457,246,1,87265,0.998638194635173,0.183133233933954,0.0103924150223696,0.235688223390712,0.0066573302767953
8732828,"Weeks Bay, Mobile Bay",30.4169,-87.8254,"AL","Gulf","WeeksBayMobileBay.AL",5,2012,87600,87479,0.998618721461187,96,1,87414,0.999268387480281,0.214621213026318,0.010334681753627,0.270955338325776,0.00661738566698396
8735180,"Dauphin Island",30.25,-88.075,"AL","Gulf","DauphinIsland.AL",8,2019,87840,87796,0.999499089253188,24,1,87758,0.999578563699527,0.190559593371771,0.0109256447408131,0.244120863165026,0.00699609600570373
8736897,"Coast Guard Sector Mobile",30.6483,-88.0583,"AL","Gulf","CoastGuardSectorMobile.AL",8,2019,87840,87681,0.998189890710383,210,2,87596,0.99904197080292,0.190392586243001,0.011577510113418,0.244170679496293,0.00744834087442786
8737048,"Mobile State Docks",30.7083,-88.0433,"AL","Gulf","MobileStateDocks.AL",10,2013,87600,87357,0.99722602739726,288,1,87270,0.999015522688768,0.172693650355106,0.0108759208824287,0.223399306023869,0.00728438786118356
8740166,"Grand Bay NERR, Mississippi Sound",30.4132,-88.4029,"MS","Gulf","GrandBayNERRMississippiSound.MS",8,2018,87600,14263,0.162819634703196,4836,1,10538,0.738886551675782,0.139486518494805,0.00854192896763345,0.184897578974991,0.00560317413655371
8741533,"Pascagoula NOAA Lab",30.3678,-88.5631,"MS","Gulf","PascagoulaNOAALab.MS",7,2013,87600,87433,0.998093607305936,396,1,87347,0.999027815902644,0.193103301721113,0.0100937075533407,0.246725138155763,0.0064884334950391
8747437,"Bay Waveland Yacht Club",30.325,-89.325,"MS","Gulf","BayWavelandYachtClub.MS",2,2015,87600,84471,0.964280821917808,6534,1,84363,0.998733278086895,0.193281621668747,0.00943189637980323,0.247140519614101,0.00595960816858773
8760721,"Pilottown",29.1783,-89.2583,"LA","Gulf","Pilottown.LA",8,2013,87600,87493,0.998778538812785,102,1,87433,0.999325652631098,0.155058446849822,0.0114620528839716,0.20225556918548,0.00821127817281559
8760922,"Pilots Station East, S.W. Pass",28.9322,-89.4075,"LA","Gulf","PilotsStationEastS.W.Pass.LA",10,2011,87840,86993,0.990357468123862,108,1,86954,0.999563178223285,0.173051570389302,0.0113772918850405,0.223964558138444,0.00769522127354745
8761305,"Shell Beach",29.8681,-89.6732,"LA","Gulf","ShellBeach.LA",5,2015,87840,87662,0.997973588342441,756,1,87624,0.99957791948529,0.198741190500266,0.00961050449122434,0.253311600196045,0.00606319771268295
8761724,"Grand Isle",29.2633,-89.9567,"LA","Gulf","GrandIsle.LA",4,2017,87600,87592,0.999908675799087,12,8,87583,0.999908666415499,0.201886051102761,0.010055545105196,0.25729385147513,0.00633620916340909
8761927,"New Canal Station",30.0272,-90.1133,"LA","Gulf","NewCanalStation.LA",8,2019,87840,87653,0.997871129326047,24,3,87514,0.99842559211427,0.196940619722326,0.0107185890037366,0.251236167343434,0.00675836622193767
8761955,"Carrollton",29.9329,-90.1355,"LA","Gulf","Carrollton.LA",11,2011,87840,87557,0.996778233151184,1020,1,87537,0.999782996025401,0.17310509874335,0.0118148149636882,0.223164967271566,0.00821967658504564
8762482,"West Bank 1, Bayou Gauche",29.7886,-90.4203,"LA","Gulf","WestBank1BayouGauche.LA",1,2013,87600,87490,0.998744292237443,108,1,87431,0.999337059516053,0.19283710014004,0.0100399398875338,0.24646066153906,0.00637295002846801
8764044,"Berwick, Atchafalaya River",29.6675,-91.2376,"LA","Gulf","BerwickAtchafalayaRiver.LA",6,2019,87840,87701,0.998417577413479,30,1,87586,0.998700114025086,0.163323212436303,0.0122368033512742,0.212727019339316,0.00825463292155275
8764227,"LAWMA, Amerada Pass",29.4496,-91.3381,"LA","Gulf","LAWMAAmeradaPass.LA",8,2019,87840,87811,0.99966985428051,24,1,87789,0.999760847283908,0.171494777242137,0.0113400462313171,0.221908368038816,0.00759545607370745
8764314,"Eugene Island, North of , Gulf of Mexico",29.3675,-91.3839,"LA","Gulf","EugeneIslandNorthofGulfofMexico.LA",4,2017,87600,86884,0.991826484018265,1140,1,86724,0.998169952695004,0.169501015061686,0.00945457685111285,0.220289066716674,0.00600764928936269
8766072,"Freshwater Canal Locks",29.5517,-92.3052,"LA","Gulf","FreshwaterCanalLocks.LA",8,2019,87840,87680,0.998178506375228,24,4,87531,0.998312024544076,0.203239972475604,0.01082154961171,0.258412484340297,0.00694491061835858
8767816,"Lake Charles",30.2236,-93.2217,"LA","Gulf","LakeCharles.LA",2,2013,87600,87249,0.995993150684932,1044,1,87132,0.998670456629378,0.187182030572573,0.0107419729762932,0.239793640226682,0.00703447850416476
8767961,"Bulk Terminal",30.1902,-93.3008,"LA","Gulf","BulkTerminal.LA",11,2011,87840,87543,0.996618852459016,1188,1,87514,0.999680153526307,0.209423717124245,0.0113837684596843,0.26487991771082,0.00754413774369773
8768094,"Calcasieu Pass",29.7682,-93.3429,"LA","Gulf","CalcasieuPass.LA",3,2014,87600,87492,0.998767123287671,342,1,87479,0.999862843035284,0.18352416505407,0.010048906937761,0.235913898392848,0.00647885787856849
8770475,"Port Arthur",29.8671,-93.931,"TX","Gulf","PortArthur.TX",9,2013,87600,87489,0.998732876712329,198,1,87438,0.999428493050476,0.185395980107728,0.0106925971642274,0.237559128889868,0.0071952295860294
8770570,"Sabine Pass North",29.7284,-93.8701,"TX","Gulf","SabinePassNorth.TX",8,2019,87840,87784,0.99936247723133,18,4,87731,0.999407630178964,0.209764313749173,0.0113345860763838,0.26556436661986,0.00722158130008372
8770613,"Morgans Point, Barbours Cut",29.6817,-94.985,"TX","Gulf","MorgansPointBarboursCut.TX",1,2013,87600,87498,0.998835616438356,246,1,87455,0.999519983542293,0.166815841121653,0.0113749771171103,0.21782120214038,0.00723542293576453
8770777,"Manchester",29.7262,-95.2658,"TX","Gulf","Manchester.TX",7,2019,87840,87497,0.996095173041894,300,1,87310,0.997874188534333,0.209455019301825,0.0112704485602291,0.265765514709909,0.00700648520322349
8770808,"High Island",29.5947,-94.3903,"TX","Gulf","HighIsland.TX",6,2017,87600,79755,0.910445205479452,12282,1,79561,0.997580058680442,0.19062704974105,0.0100977381795651,0.244321272361212,0.00633736334840055
8770822,"Texas Point, Sabine Pass",29.6894,-93.8419,"TX","Gulf","TexasPointSabinePass.TX",4,2017,87600,87251,0.99601598173516,360,1,87067,0.997902578796562,0.190059793767785,0.00955199930904631,0.243906643065041,0.00595007155725602
8770971,"Rollover Pass",29.5156,-94.5106,"TX","Gulf","RolloverPass.TX",10,2013,87600,86859,0.991541095890411,2550,1,86756,0.998825669483525,0.170938322846421,0.00931958938740965,0.2218086994426,0.00597644534688915
8771013,"Eagle Point, Galveston Bay",29.48,-94.9183,"TX","Gulf","EaglePointGalvestonBay.TX",12,2012,87600,87080,0.994063926940639,2376,1,87062,0.999804774974449,0.148045536160075,0.00972813178531601,0.197192965362887,0.0056633446981597
8771341,"Galveston Bay Entrance, North Jetty",29.3573,-94.7248,"TX","Gulf","GalvestonBayEntranceNorthJetty.TX",11,2014,87600,87250,0.996004566210046,1626,1,87220,0.999667617966968,0.187540436334385,0.0104173424819166,0.240683154502982,0.00671755012620442
8771450,"Galveston Pier 21",29.31,-94.7933,"TX","Gulf","GalvestonPier21.TX",10,2013,87600,87229,0.995764840182648,1386,1,87159,0.999208969596918,0.181151528948135,0.0103258409604662,0.233024023031769,0.00678955986521179
8771486,"Galveston Railroad Bridge",29.3026,-94.8971,"TX","Gulf","GalvestonRailroadBridge.TX",5,2019,87840,87588,0.997131147540984,30,10,87446,0.998390172057497,0.203239891038471,0.0102066826854244,0.258063854627165,0.00659141676460904
8771972,"San Luis Pass",29.081,-95.1313,"TX","Gulf","SanLuisPass.TX",10,2019,87840,73951,0.841882969034608,4380,1,71901,0.972292089249493,0.190961815595719,0.0100285471431222,0.245334420480273,0.00598315118290681
8772447,"Freeport",28.9433,-95.3025,"TX","Gulf","Freeport.TX",2,2013,87600,87365,0.997317351598173,216,1,87223,0.998386062909208,0.189211664484389,0.0108984612821587,0.242765723702341,0.00702616701419512
8772471,"Freeport SPIP, Freeport Harbor",28.9357,-95.2942,"TX","Gulf","FreeportSPIPFreeportHarbor.TX",10,2019,87840,77382,0.88094262295082,1752,1,76685,0.991005543996588,0.215735955025059,0.0112230487976599,0.272120853868816,0.0070249339259972
8772985,"Sargent",28.7714,-95.6172,"TX","Gulf","Sargent.TX",8,2019,87840,87439,0.995434881602914,300,1,87263,0.997998581852284,0.206558708642652,0.0106354794249713,0.261991244112751,0.00685072515795416
8773037,"Seadrift",28.4069,-96.7124,"TX","Gulf","Seadrift.TX",9,2019,87840,87504,0.996174863387978,282,1,87368,0.998457195753289,0.210893304502119,0.0108684211403999,0.266953375278286,0.00705682891410142
8773146,"Matagorda City",28.7101,-95.914,"TX","Gulf","MatagordaCity.TX",8,2019,87840,87630,0.997609289617486,48,1,87546,0.999052824978032,0.209276635891163,0.0103949645264364,0.264608808147228,0.00680382653082009
8773259,"Port Lavaca",28.6406,-96.6098,"TX","Gulf","PortLavaca.TX",9,2019,87840,66242,0.754121129326047,408,1,66087,0.997675155870231,0.165638969542941,0.00881713349770362,0.217306908366946,0.00483854036055323
8773767,"Matagorda Bay Entrance Channel",28.4269,-96.3301,"TX","Gulf","MatagordaBayEntranceChannel.TX",9,2019,87840,87653,0.997871129326047,36,3,87573,0.999098708529184,0.200060523800172,0.0119873834253477,0.255426322320102,0.00750503880852136
8774230,"Aransas Wildlife Refuge",28.2283,-96.795,"TX","Gulf","AransasWildlifeRefuge.TX",5,2019,87840,87488,0.995992714025501,510,1,87351,0.998445483328952,0.205351381071252,0.0111925619869586,0.260749500346499,0.00732732188874362
8774770,"Rockport",28.0217,-97.0467,"TX","Gulf","Rockport.TX",1,2010,87600,64645,0.737956621004566,96,1,63135,0.976656766289215,0.242012015994481,0.012650787390471,0.298968364073145,0.00908496416843945
8775237,"Port Aransas",27.8397,-97.0725,"TX","Gulf","PortAransas.TX",4,2019,87840,87128,0.991894353369763,1074,1,86968,0.998175077760051,0.207401483823385,0.0127681280463912,0.26353633123325,0.00822789908971834
8775241,"Aransas, Aransas Pass",27.8366,-97.0391,"TX","Gulf","AransasAransasPass.TX",5,2017,87600,79606,0.908744292237443,26088,1,77013,0.96743923120407,0.192852343020641,0.0107336390676084,0.247303752722386,0.00678033315197938
8775244,"Nueces Bay",27.8328,-97.4859,"TX","Gulf","NuecesBay.TX",1,2014,87600,86933,0.992385844748858,1602,1,86600,0.996180923020292,0.191144982794553,0.0100431942678335,0.244893744379006,0.00640328547093477
8775296,"USS Lexington, Corpus Christi Bay",27.8149,-97.3892,"TX","Gulf","USSLexingtonCorpusChristiBay.TX",6,2017,87600,87191,0.99533105022831,558,1,87099,0.998956302328249,0.206746501324263,0.0111588194630231,0.262231155255412,0.00729020762200781
8775792,"Packery Channel",27.6333,-97.2367,"TX","Gulf","PackeryChannel.TX",8,2013,87600,87479,0.998618721461187,144,1,87399,0.999096915795972,0.191598341097605,0.0107143752779918,0.244905473128248,0.00708333439225371
8775870,"Bob Hall Pier, Corpus Christi",27.58,-97.2167,"TX","Gulf","BobHallPierCorpusChristi.TX",12,2013,87600,87192,0.995342465753425,972,1,87063,0.998531958573706,0.182853608515821,0.010791864806668,0.235847075259435,0.00688590520029533
8776139,"S. Bird Island",27.4844,-97.3181,"TX","Gulf","S.BirdIsland.TX",8,2017,87600,85960,0.981278538812785,2910,1,85522,0.994916180969997,0.207787672498544,0.00994187730320656,0.263172821555769,0.00641453936960566
8776604,"Baffin Bay",27.297,-97.4052,"TX","Gulf","BaffinBay.TX",9,2013,87600,87431,0.998070776255708,486,1,87359,0.999187921765984,0.175404087330185,0.00908012257056745,0.227297423432488,0.00553018420539726
8777812,"Rincon Del San Jose",26.8012,-97.4706,"TX","Gulf","RinconDelSanJose.TX",9,2019,87840,87564,0.996857923497268,36,1,87395,0.998081381405388,0.223135935564789,0.0114024189700979,0.280537419688979,0.00755998456713831
8778490,"Port Mansfield",26.5576,-97.4257,"TX","Gulf","PortMansfield.TX",6,2017,87600,87442,0.998196347031963,216,1,87382,0.999325259317711,0.215853148840215,0.0116968897344974,0.272869554246796,0.00759711113973541
8779280,"Realitos Peninsula",26.2624,-97.2853,"TX","Gulf","RealitosPeninsula.TX",7,2013,87600,87137,0.994714611872146,1800,1,87012,0.998576937201616,0.196945672551895,0.0109016393672171,0.251845777826397,0.00692542009760957
8779748,"South Padre Island CG Station",26.0731,-97.1675,"TX","Gulf","SouthPadreIslandCGStation.TX",6,2010,87600,815,0.00930365296803653,,,,,0.288222462337406,0.0211893000797793,0.352085250293726,0.0146417693118302
8779749,"SPI Brazos Santiago",26.0674,-97.1548,"TX","Gulf","SPIBrazosSantiago.TX",10,2019,87840,78329,0.891723588342441,1476,1,78233,0.998787151465632,0.191168110382506,0.0104193816569054,0.246823232630472,0.00568806300143112
8779770,"Port Isabel",26.0612,-97.2155,"TX","Gulf","PortIsabel.TX",1,2013,87600,87428,0.998036529680365,342,1,87382,0.999485284866231,0.197344697572598,0.0109452728906702,0.252887968594673,0.00676499261659746
9410170,"San Diego, San Diego Bay",32.7142,-117.1736,"CA","Pacific","SanDiegoSanDiegoBay.CA",8,2019,87840,87792,0.999453551912568,18,2,87745,0.999476028294472,0.130228189352887,0.0119765243945938,0.178965644286492,0.00503018852486583
9410230,"La Jolla",32.8669,-117.2571,"CA","Pacific","LaJolla.CA",8,2019,87840,87784,0.99936247723133,24,1,87733,0.999430413633619,0.118489624114881,0.0134271845805678,0.165105354803149,0.00628816496928986
9410660,"Los Angeles",33.7199,-118.2729,"CA","Pacific","LosAngeles.CA",3,2017,87600,87570,0.999657534246575,18,2,87541,0.999680252144024,0.110869583657014,0.0148471087608963,0.156284364579276,0.00693413872507037
9410840,"Santa Monica",34.0083,-118.5,"CA","Pacific","SantaMonica.CA",9,2019,87840,87802,0.999567395264117,18,4,87767,0.999612760674708,0.116081373588331,0.0133985947783905,0.162393128063193,0.00618665430155485
9412110,"Port San Luis",35.1688,-120.7542,"CA","Pacific","PortSanLuis.CA",5,2011,87840,87782,0.99933970856102,132,1,87756,0.999715200328089,0.0756194640717518,0.0187269646781452,0.112957310471421,0.0121589468043549
9413450,"Monterey",36.605,-121.8881,"CA","Pacific","Monterey.CA",1,2012,87840,87734,0.998793260473588,108,1,87691,0.99952127477688,0.0800309707563725,0.0190356180145065,0.118556791770164,0.011893056587498
9414290,"San Francisco",37.8063,-122.4659,"CA","Pacific","SanFrancisco.CA",9,2011,87840,87752,0.998998178506375,240,1,87721,0.999658123554148,0.0767860991584424,0.0189243094714988,0.114378123323109,0.012383502595735
9414523,"Redwood City",37.5067,-122.21,"CA","Pacific","RedwoodCity.CA",11,2016,87600,87402,0.997739726027397,318,1,87385,0.999816935733001,0.121227768823691,0.0103945774619173,0.167524373103214,0.00543248861098975
9414750,"Alameda",37.7717,-122.3,"CA","Pacific","Alameda.CA",11,2012,87600,87572,0.999680365296804,54,2,87558,0.999851549028788,0.108518531583117,0.0114104317187031,0.152916772880217,0.00576102422008156
9414863,"Richmond",37.923,-122.4096,"CA","Pacific","Richmond.CA",5,2011,87840,87627,0.997575136612022,1182,1,87612,0.999840230068701,0.0860604622722688,0.01543484850795,0.125830093187448,0.00943566284032088
9415020,"Point Reyes",37.9961,-122.9767,"CA","Pacific","PointReyes.CA",1,2012,87840,87751,0.99898679417122,66,1,87717,0.999623931623932,0.072299728593266,0.0190876197503804,0.10872237828219,0.0127924959979689
9415102,"Martinez-Amorco Pier",38.0346,-122.1252,"CA","Pacific","Martinez-AmorcoPier.CA",10,2016,87600,87273,0.996267123287671,438,1,87082,0.997822898524154,0.106489212602936,0.0112342039115259,0.150169263470876,0.00612119779966001
9415144,"Port Chicago",38.056,-122.0395,"CA","Pacific","PortChicago.CA",4,2011,87840,87789,0.999419398907104,114,1,87763,0.999715223037317,0.102052153561766,0.0116310736847878,0.144779235517391,0.00665382248636207
9416841,"Arena Cove",38.9146,-123.7111,"CA","Pacific","ArenaCove.CA",11,2013,87600,87442,0.998196347031963,42,1,87346,0.998913553138688,0.0690392339025538,0.0211162738007971,0.104449568151792,0.0148912315290773
9418767,"North Spit",40.7663,-124.2172,"CA","Pacific","NorthSpit.CA",7,2013,87600,87540,0.999315068493151,30,2,87496,0.999508790367722,0.067784833330851,0.0200471672041545,0.10287258816153,0.0140449517574603
9419750,"Crescent City",41.745,-124.183,"CA","Pacific","CrescentCity.CA",8,2013,87600,87481,0.998641552511416,120,1,87421,0.999325560128029,0.072535429630068,0.0173671433596572,0.108858617803834,0.0119607217404076
9431647,"Port Orford",42.739,-124.4983,"OR","Pacific","PortOrford.OR",9,2019,87840,87798,0.999521857923497,18,6,87761,0.999589963210588,0.0613695440930062,0.0215851658109276,0.0945669440139648,0.0156770023160025
9432780,"Charleston",43.345,-124.322,"OR","Pacific","Charleston.OR",9,2013,87600,87406,0.997785388127854,378,1,87341,0.999267776442995,0.0663511979922484,0.0184194104396705,0.100996617838241,0.0129734105921625
9435380,"South Beach",44.625,-124.043,"OR","Pacific","SouthBeach.OR",8,2012,87600,87491,0.998755707762557,60,1,87416,0.999154189050177,0.0648907101064525,0.0217720498900129,0.099148237234513,0.0155593553504805
9437540,"Garibaldi",45.5545,-123.9189,"OR","Pacific","Garibaldi.OR",8,2019,87840,87837,0.999965846994536,12,3,87833,0.999965845439228,0.0703632003560406,0.0185321410315943,0.106036835775306,0.0131175368507026
9439040,"Astoria",46.2073,-123.7683,"OR","Pacific","Astoria.OR",8,2019,87840,87778,0.999294171220401,24,1,87724,0.999396197181494,0.0833399870025847,0.0143492792384743,0.121245245754521,0.0104636742091505
9440422,"Longview",46.1061,-122.9542,"WA","Pacific","Longview.WA",8,2019,87840,87794,0.999476320582878,18,4,87751,0.999521601950042,0.0833488798882461,0.014968103502393,0.121030245451797,0.0110510040254767
9440910,"Toke Point",46.7075,-123.9669,"WA","Pacific","TokePoint.WA",6,2017,87600,87566,0.999611872146119,18,3,87534,0.999645977274025,0.074119182348525,0.0149620897186996,0.110575524982531,0.0103074602332184
9441102,"Westport",46.9043,-124.1051,"WA","Pacific","Westport.WA",9,2019,87840,87799,0.999533242258652,18,3,87760,0.999567188318641,0.0694932016493501,0.0170523527086848,0.104861695357808,0.012109979355242
9442396,"La Push, Quillayute River",47.9133,-124.6369,"WA","Pacific","LaPushQuillayuteRiver.WA",5,2012,87600,87502,0.998881278538813,60,1,87460,0.999531433926469,0.0548523825728194,0.0187812987199631,0.0858414850266157,0.0141830084070426
9443090,"Neah Bay",48.3703,-124.6019,"WA","Pacific","NeahBay.WA",8,2012,87600,87481,0.998641552511416,90,1,87406,0.999154092363969,0.0598340608177143,0.0231434998454038,0.0925330227677634,0.0170884205091689
9444090,"Port Angeles",48.125,-123.44,"WA","Pacific","PortAngeles.WA",6,2017,87600,87534,0.999246575342466,36,1,87478,0.999371665543281,0.0583152127685639,0.0244492670355063,0.0906067668219188,0.0180253311996996
9444900,"Port Townsend",48.1129,-122.7595,"WA","Pacific","PortTownsend.WA",6,2013,87600,87493,0.998778538812785,72,1,87417,0.999142778768345,0.0572270624144754,0.0240796060118135,0.0891543919947275,0.0178067532428426
9446484,"Tacoma",47.2667,-122.4133,"WA","Pacific","Tacoma.WA",9,2019,87840,87801,0.999556010928962,24,1,87766,0.999612756264237,0.0662799437011469,0.0205275996862441,0.100961464739588,0.0144815546457762
9449419,"Cherry Point South Dock",48.86,-122.757,"WA","Pacific","CherryPointSouthDock.WA",8,2018,87600,80965,0.92425799086758,3414,1,80598,0.995479472358085,0.0627774275030613,0.0188490593966629,0.0961428740977342,0.014018942816799
9449424,"Cherry Point",48.8633,-122.758,"WA","Pacific","CherryPoint.WA",5,2012,87600,87480,0.998630136986301,84,1,87431,0.99945129688268,0.061503804201591,0.0222026460729912,0.0946458471193391,0.0165280149060271
9449880,"Friday Harbor",48.5453,-123.0129,"WA","Pacific","FridayHarbor.WA",6,2013,87600,87532,0.999223744292237,30,1,87480,0.999417349281969,0.056256682017356,0.0243128980159858,0.0878696395600343,0.0181032079241147
