"temp","Eastport.ME","CutlerFarrisWharf.ME","BarHarbor.ME","Portland.ME","Wells.ME","Boston.MA","FallRiver.MA","ChathamLydiaCove.MA","WoodsHole.MA","NantucketIsland.MA","Newport.RI","ConimicutLight.RI","Providence.RI","QuonsetPoint.RI","NewLondon.CT","NewHaven.CT","Bridgeport.CT","Montauk.NY","KingsPoint.NY","TheBattery.NY","TurkeyPointHudsonRiverNERRS.NY","BergenPointWestReach.NY","SandyHook.NJ","AtlanticCity.NJ","CapeMay.NJ","ShipJohnShoal.NJ","BurlingtonDelawareRiver.NJ","MarcusHook.PA","Philadelphia.PA","Bridesburg.PA","Newbold.PA","DelawareCity.DE","ReedyPoint.DE","BrandywineShoalLight.DE","Lewes.DE","OceanCityInlet.MD","BishopsHead.MD","Cambridge.MD","TolchesterBeach.MD","ChesapeakeCity.MD","BaltimoreFortMcHenryPatapscoRiver.MD","Annapolis.MD","SolomonsIsland.MD","Washington.DC","Wachapreague.VA","Kiptopeke.VA","Dahlgren.VA","Lewisetta.VA","YorktownUSCGTrainingCenter.VA","SewellsPoint.VA","CBBTChesapeakeChannel.VA","MoneyPoint.VA","Duck.NC","OregonInletMarina.NC","USCGStationHatteras.NC","BeaufortDukeMarineLab.NC","Wilmington.NC","WrightsvilleBeach.NC","CharlestonCooperRiverEntrance.SC","FortPulaski.GA","FernandinaBeach.FL","Mayport(BarPilotsDock).FL","DamesPoint.FL","JacksonvilleUniversity.FL","TridentPierPortCanaveral.FL","LakeWorthPierAtlanticOcean.FL","SouthPortEverglades.FL","VirginiaKeyBiscayneBay.FL","VacaKeyFloridaBay.FL","KeyWest.FL","NaplesGulfofMexico.FL","FortMyers.FL","PortManatee.FL","St.PetersburgTampaBay.FL","OldPortTampa.FL","EastBay.FL","ClearwaterBeach.FL","CedarKey.FL","Apalachicola.FL","PanamaCity.FL","PanamaCityBeach.FL","Pensacola.FL","WeeksBayMobileBay.AL","DauphinIsland.AL","CoastGuardSectorMobile.AL","MobileStateDocks.AL","GrandBayNERRMississippiSound.MS","PascagoulaNOAALab.MS","BayWavelandYachtClub.MS","Pilottown.LA","PilotsStationEastS.W.Pass.LA","ShellBeach.LA","GrandIsle.LA","NewCanalStation.LA","Carrollton.LA","WestBank1BayouGauche.LA","BerwickAtchafalayaRiver.LA","LAWMAAmeradaPass.LA","EugeneIslandNorthofGulfofMexico.LA","FreshwaterCanalLocks.LA","LakeCharles.LA","BulkTerminal.LA","CalcasieuPass.LA","PortArthur.TX","SabinePassNorth.TX","MorgansPointBarboursCut.TX","Manchester.TX","HighIsland.TX","TexasPointSabinePass.TX","RolloverPass.TX","EaglePointGalvestonBay.TX","GalvestonBayEntranceNorthJetty.TX","GalvestonPier21.TX","GalvestonRailroadBridge.TX","SanLuisPass.TX","Freeport.TX","FreeportSPIPFreeportHarbor.TX","Sargent.TX","Seadrift.TX","MatagordaCity.TX","PortLavaca.TX","MatagordaBayEntranceChannel.TX","AransasWildlifeRefuge.TX","Rockport.TX","PortAransas.TX","AransasAransasPass.TX","NuecesBay.TX","USSLexingtonCorpusChristiBay.TX","PackeryChannel.TX","BobHallPierCorpusChristi.TX","S.BirdIsland.TX","BaffinBay.TX","RinconDelSanJose.TX","PortMansfield.TX","RealitosPeninsula.TX","SouthPadreIslandCGStation.TX","SPIBrazosSantiago.TX","PortIsabel.TX","SanDiegoSanDiegoBay.CA","LaJolla.CA","LosAngeles.CA","SantaMonica.CA","PortSanLuis.CA","Monterey.CA","SanFrancisco.CA","RedwoodCity.CA","Alameda.CA","Richmond.CA","PointReyes.CA","Martinez-AmorcoPier.CA","PortChicago.CA","ArenaCove.CA","NorthSpit.CA","CrescentCity.CA","PortOrford.OR","Charleston.OR","SouthBeach.OR","Garibaldi.OR","Astoria.OR","Longview.WA","TokePoint.WA","Westport.WA","LaPushQuillayuteRiver.WA","NeahBay.WA","PortAngeles.WA","PortTownsend.WA","Tacoma.WA","CherryPointSouthDock.WA","CherryPoint.WA","FridayHarbor.WA"
-5,0,0,0,0,0,0,0,0,0,0,0,0,0,0,0,0,0,0,0,0,0,0,0,0,0,0,0,0,0,0,0,0,0,0,0,0,0,0,0,0,0,0,0,0,0,0,0,0,0,0,0,0,0,0,0,0,0,0,0,0,0,0,0,0,0,0,0,0,0,0,0,0,0,0,0,0,0,0,0,0,0,0,0,0,0,0,0,0,0,0,0,0,0,0,0,0,0,0,0,0,0,0,0,0,0,0,0,0,0,0,0,0,0,0,0,0,0,0,0,0,0,0,0,0,0,0,0,0,0,0,0,0,0,0,0,0,0,0,0,0,0,0,0,0,0,0,0,0,0,0,0,0,0,0,0,0,0,0,0,0,0,0,0,0,0,0,0,0,0,0
-4,0,0,0,0,0,0,0,0,0,0,0,0,0,0,0,0,0,0,0,0,0,0,0,0,0,0,0,0,0,0,0,0,0,0,0,0,0,0,0,0,0,0,0,0,0,0,0,0,0,0,0,0,0,0,0,0,0,0,0,0,0,0,0,0,0,0,0,0,0,0,0,0,0,0,0,0,0,0,0,0,0,0,0,0,0,0,0,0,0,0,0,0,0,0,0,0,0,0,0,0,0,0,0,0,0,0,0,0,0,0,0,0,0,0,0,0,0,0,0,0,0,0,0,0,0,0,0,0,0,0,0,0,0,0,0,0,0,0,0,0,0,0,0,0,0,0,0,0,0,0,0,0,0,0,0,0,0,0,0,0,0,0,0,0,0,0,0,0,0,0
-3,0,0,0,0,0,0,0,0,0,0,0,0,0,0,0,0,0,0,0,0,0,0,0,0,0,0,0,0,0,0,0,0,0,0,0,0,0,0,0,0,0,0,0,0,0,0,0,0,0,0,0,0,0,0,0,0,0,0,0,0,0,0,0,0,0,0,0,0,0,0,0,0,0,0,0,0,0,0,0,0,0,0,0,0,0,0,0,0,0,0,0,0,0,0,0,0,0,0,0,0,0,0,0,0,0,0,0,0,0,0,0,0,0,0,0,0,0,0,0,0,0,0,0,0,0,0,0,0,0,0,0,0,0,0,0,0,0,0,0,0,0,0,0,0,0,0,0,0,0,0,0,0,0,0,0,0,0,0,0,0,0,0,0,0,0,0,0,0,0,0
-2,0,27,0,0,0,0,96,0,216,0,0,0,0,0,0,0,0,0,0,0,0,0,0,0,0,0,0,0,0,3,0,0,0,0,0,0,0,0,0,0,0,0,0,0,0,0,0,0,0,0,0,0,0,0,0,0,0,0,0,0,0,0,0,0,0,0,0,0,0,0,0,0,0,0,0,0,0,0,0,0,0,0,0,0,0,0,0,0,0,0,0,0,0,0,0,0,0,0,0,0,0,0,0,0,0,0,0,0,0,0,0,0,0,0,0,0,0,0,0,0,0,0,0,0,0,0,0,0,0,0,0,0,0,0,0,0,0,0,0,0,0,0,0,0,0,0,0,0,0,0,0,0,0,0,0,0,0,0,0,0,0,0,0,0,0,0,0,0,0,0
-1,0,55,0,16,0,0,1881,0,1322,715,0,0,0,10,2,52,0,51,12,0,0,0,639,169,0,0,0,0,2764,38,0,0,0,0,488,0,608,0,0,0,0,0,0,0,0,0,0,1723,0,0,0,0,0,0,0,0,0,0,0,0,0,0,0,0,0,0,0,0,0,0,0,0,0,0,0,0,0,0,0,0,0,0,0,0,0,0,0,0,0,0,0,0,0,0,0,0,0,0,0,0,0,0,0,0,0,0,0,0,0,0,0,0,0,0,0,0,0,0,0,0,0,0,0,0,0,0,0,0,0,0,0,0,0,0,0,0,0,0,0,0,0,0,0,0,0,0,0,0,0,0,0,0,0,0,0,0,0,0,0,0,0,0,0,0,0,0,0,0,0,0
0,0,94,522,1300,13,0,1076,0,1558,3841,281,0,40,2318,1,4398,2122,540,24,3,5753,0,872,1609,34,0,8241,0,6230,67,0,0,4442,0,1324,0,840,0,24,0,0,0,460,1007,0,11,387,2020,634,2,0,0,0,843,0,0,0,0,0,0,0,0,0,0,0,0,0,0,0,0,0,0,0,0,0,0,0,0,0,0,0,0,0,0,0,0,0,0,0,0,0,0,0,0,0,0,0,0,0,0,0,0,0,0,1,0,0,0,0,0,0,0,0,0,0,0,0,0,0,0,0,0,0,0,0,0,0,0,0,0,0,0,0,0,0,0,0,0,0,0,0,0,0,0,0,0,0,0,0,0,0,0,0,0,0,0,0,0,0,0,0,0,0,0,0,0,0,0,0,0
1,0,156,1619,9285,83,1619,2740,0,3514,5690,2183,31,292,7233,12,5796,7687,1170,1427,0,7844,0,821,3672,1529,1,4210,0,4901,522,1828,366,1803,0,3606,0,693,0,187,0,0,0,2474,3885,108,196,879,935,1547,56,0,489,0,744,274,0,0,0,0,0,0,0,0,0,0,0,0,0,0,0,0,0,0,0,0,0,0,0,0,0,0,0,0,0,0,0,0,0,0,0,0,0,0,0,0,0,0,0,6,0,0,0,0,0,0,0,0,0,0,0,0,0,0,0,0,0,0,0,0,0,0,0,0,0,0,0,0,0,0,0,0,0,0,0,0,0,0,0,0,0,0,0,0,0,0,0,0,0,0,0,0,0,0,0,0,0,0,0,0,0,0,0,0,0,0,0,0,0,0,0
2,0,881,8777,10905,649,5531,4440,0,7272,4907,6784,1648,2697,5616,481,5705,5975,3718,7352,0,6945,8,3446,5189,1620,4649,2803,0,5759,2318,3454,4036,3960,0,4670,0,1690,7,917,51,0,0,4237,4016,469,971,869,1924,2087,1195,0,1846,23,623,543,0,0,0,0,0,0,0,0,0,0,0,0,0,0,0,0,0,0,0,0,0,0,0,0,0,0,0,0,0,0,0,122,0,0,0,0,0,0,0,0,0,0,0,45,0,0,0,0,0,0,0,0,22,0,18,0,0,0,0,0,0,0,0,0,0,0,0,0,0,0,0,0,0,0,0,0,0,0,0,0,0,0,0,0,0,0,0,0,0,0,0,0,0,0,0,0,0,0,0,0,0,0,0,0,0,0,0,0,0,0,0,0,0,0,0
3,8788,2272,6974,5194,1855,2812,3351,0,5698,4053,6657,5009,4791,5784,1167,5358,5150,6406,3656,0,3032,51,4741,3200,2745,3863,2970,162,2848,2250,3615,4099,1930,0,3235,29,2081,296,2466,3404,0,0,2891,4310,723,1795,1700,1968,1104,4045,54,1693,1322,564,721,0,126,0,0,0,0,0,0,0,0,0,0,0,0,0,0,0,0,0,0,0,0,0,0,0,0,0,0,0,0,0,247,0,0,47,0,0,0,0,0,0,0,0,197,0,0,0,0,0,0,0,0,49,0,52,0,0,0,0,0,0,0,0,0,0,0,0,0,0,0,0,0,0,0,0,19,0,0,0,0,0,0,0,0,0,0,0,0,0,0,0,0,0,0,0,0,0,0,0,0,0,0,0,0,0,0,0,153,0,0,0,0,0,0,0
4,11354,15138,8195,2128,7679,8441,7404,0,4622,6234,8126,7055,9332,4816,9728,5620,4045,4164,6529,291,3764,1074,4802,5798,4056,7218,4983,6337,3848,4115,4266,6583,2828,0,4266,274,4292,2598,3140,5091,1119,0,6763,4621,721,4906,4463,2887,4075,2664,500,1564,5016,749,423,0,1357,0,0,0,0,0,0,0,0,0,0,0,0,0,0,0,0,0,0,0,0,0,0,0,0,0,10,0,0,0,187,0,0,3642,0,0,0,0,0,0,0,0,163,0,0,0,0,0,0,0,0,75,0,137,0,0,0,0,0,0,0,0,0,0,0,0,0,0,0,0,0,0,0,0,139,0,0,0,64,0,0,0,0,0,0,0,0,0,0,0,0,0,0,0,0,0,0,0,0,0,0,0,0,0,44,0,1559,0,0,1,0,30,0,0
5,7338,8033,6142,3680,10810,5646,5256,0,3270,2057,2252,7873,5047,1486,5166,838,2960,4406,4113,9357,2535,8112,2960,3099,4022,9259,5245,4918,2929,4419,5832,2456,5011,1342,3987,1103,3656,3758,4561,4676,3857,0,2893,5006,1887,2157,5270,2779,1026,2124,192,3002,4213,1848,514,0,441,0,0,0,0,0,0,0,0,0,0,0,0,0,0,0,0,0,0,0,0,0,0,0,0,0,15,0,0,0,239,0,0,5585,0,0,2,0,0,0,0,0,539,0,0,0,0,0,0,0,0,24,0,411,0,0,0,0,0,0,0,0,0,0,0,0,0,0,0,0,0,0,36,0,582,331,0,0,30,0,0,0,0,0,0,0,0,0,0,0,0,0,0,0,0,0,0,0,0,0,0,0,246,58,389,0,4650,0,0,5,0,47,0,0
6,8743,9741,6172,5165,12932,4880,1558,0,1254,2358,3123,6409,2832,4132,6838,2052,1850,8220,2622,10156,3539,10274,6645,4502,5311,4860,3690,4504,1646,6475,6027,4827,4636,8147,5812,5231,4955,9455,5103,3189,7961,0,5528,4565,3463,4489,7270,6172,1936,3958,381,2155,3502,2150,880,10,539,0,0,0,0,0,0,0,0,0,0,0,0,0,0,0,17,0,0,0,0,0,0,0,0,21,32,0,0,0,416,0,5,4583,0,0,140,0,0,0,0,0,1996,0,0,0,0,0,0,0,0,309,365,1275,75,0,0,0,0,0,0,0,0,0,2,0,0,0,0,0,432,29,335,0,311,558,0,0,38,0,0,0,0,0,0,0,0,0,0,0,0,0,0,0,0,0,0,0,0,157,0,20,8408,10812,1445,24,10477,0,0,43,0,522,0,0
7,5907,5571,2863,2549,5910,4393,981,0,907,2988,4156,2754,3516,1604,2733,3201,1676,3508,3648,4683,1527,4539,5306,4748,5663,1939,694,1685,1257,4743,4083,2848,1873,4704,2887,7577,4514,5876,3588,4605,3637,0,1871,2535,4442,3289,3938,2903,5986,6361,537,1079,2212,3955,726,803,1958,0,0,0,0,0,0,0,0,0,0,0,0,0,0,0,21,0,0,0,0,0,57,0,0,110,58,0,0,71,431,0,100,3041,0,0,124,0,0,0,0,0,1877,0,0,0,36,0,0,0,0,1133,725,1206,1325,0,0,0,0,0,0,0,0,0,97,0,0,0,0,2,502,400,877,0,513,883,0,0,172,0,0,0,0,0,0,0,0,0,0,0,0,0,0,0,0,0,212,0,648,614,28,239,13127,12893,3438,1663,10170,1389,304,5742,21,8418,0,7729
8,6404,5880,3767,2123,4078,2040,2924,241,2937,2579,3436,1936,4483,3570,2352,1824,5685,3564,4719,5430,2764,4005,3303,2995,2999,797,1215,2117,1015,4325,4192,6031,3585,3349,2868,7225,5209,4818,2455,2298,3466,0,3322,933,5007,7087,2342,1439,4708,6215,1587,3949,3374,4955,972,446,2580,0,0,0,0,0,0,1,0,0,0,0,0,0,0,0,173,0,0,0,0,1,1002,0,0,791,82,0,0,3903,494,212,478,5041,161,1,462,0,2879,0,44,0,2376,0,617,0,1307,975,0,4,0,798,1311,1959,2278,0,771,0,0,0,0,12,0,29,233,0,6,239,0,246,1253,678,1099,0,359,2026,363,0,205,0,0,0,0,0,0,0,0,0,0,0,0,0,192,333,655,139,3827,1332,13854,7645,1484,2669,8159,7288,7550,11832,13207,21301,22638,24187,779,16500,24568,23711
9,4418,5320,2877,2603,1658,3640,4473,1733,3684,2025,1408,2077,1846,3681,3850,4021,2237,2977,2896,3857,3888,4389,1493,3033,2200,1232,1113,5339,1378,2151,2487,2604,4027,3892,2847,4670,4170,1811,2395,3769,2032,0,1747,1496,3495,3916,996,2544,1962,2960,1683,5833,3558,2680,2260,2472,2492,0,0,0,223,0,0,4,0,0,0,0,0,0,0,0,187,0,0,0,0,1,1453,0,0,1190,87,6,0,6000,449,239,689,1214,6577,104,902,0,12337,0,4894,1491,2160,0,911,0,676,2574,0,1162,0,521,983,2403,1234,552,1543,0,0,69,0,33,0,135,521,0,111,538,0,530,981,624,1490,459,558,2090,190,82,589,0,0,0,0,0,0,0,134,0,0,0,97,0,1469,6390,6045,6046,4838,7577,15538,10129,16528,14633,2512,2103,13271,16771,10056,12282,13465,11294,17745,12676,14769,13819
10,5776,6573,3011,5348,2298,2795,1825,2995,2368,3420,2820,1835,3252,1789,5249,3343,3138,4217,3349,5861,1546,6411,1414,3094,2648,2056,2541,3484,2742,2402,1157,2648,2478,4133,2487,5950,3032,1698,3902,4920,3038,0,956,2280,3126,2767,599,6021,1573,2813,913,2530,7124,1447,4395,6356,3089,607,0,0,1357,0,0,77,0,0,0,0,0,0,0,0,304,0,0,0,0,53,1924,0,1,1703,140,375,0,2574,670,982,1850,1384,9140,862,836,0,4267,306,7103,6164,1652,35,1468,0,1525,2708,0,5167,0,972,1821,3297,1775,1885,3321,36,8,589,0,83,359,565,508,0,329,756,0,735,2345,856,2771,1294,814,3016,262,743,1841,0,0,0,0,0,0,0,7795,305,5831,4498,2965,4466,11826,5497,7587,25964,22436,16754,20255,16523,24606,22304,3234,4528,11860,8578,13205,24900,23613,17094,20683,10937,14689,21757
11,5960,7142,3011,3379,2407,900,1589,2072,2635,2045,2122,1306,1694,1456,3384,1153,1309,1365,1414,3317,1486,2464,1487,1024,1864,766,1543,2368,2143,2092,671,876,1332,6072,1663,4314,1490,1691,3520,2359,4823,0,2330,972,3081,2182,499,3167,1403,1307,314,2188,5258,1785,4816,5565,2360,356,202,279,2075,288,0,183,0,0,0,0,0,0,0,0,260,0,0,0,0,327,2162,0,315,3625,171,808,169,2119,501,1125,3100,1990,3320,1730,634,0,1221,2173,8667,6022,2726,357,1461,0,2269,3907,0,4205,17,968,1818,2815,2625,1765,3793,683,217,2081,0,181,606,683,629,0,520,324,0,1053,1874,1292,2325,1395,1373,1552,222,509,1830,0,0,919,0,0,0,0,10680,6173,24381,6146,7207,15843,20587,5658,4945,20033,19342,17093,20219,17613,15411,5895,4711,4295,3155,4163,9330,11366,16535,21719,10168,8176,10286,15713
12,19835,17258,8711,3682,2966,2881,3001,1660,3596,2921,2089,1717,1939,1956,5522,1960,2066,2038,1583,2003,4495,2664,5343,1902,3137,1521,2836,5069,3503,2733,438,1559,1812,4782,2411,4313,1199,3596,4867,3407,4006,0,2691,1037,4127,2313,256,1264,4370,1707,2239,4676,3070,2872,3298,9707,4102,2296,9169,1312,4985,1736,0,849,0,0,0,0,0,0,0,0,551,0,0,0,0,1196,2645,0,1529,3179,507,3004,1756,4177,707,2977,3806,2614,1406,3009,1040,615,1466,3277,6787,8545,2509,534,3378,432,3311,5133,0,2599,82,3808,3306,3492,3677,4945,6115,2557,603,4553,0,1177,788,1982,1295,0,841,2061,0,3763,1410,1946,2236,4390,1774,2507,443,734,2258,0,55,1982,0,171,0,0,24041,23428,13831,4029,6425,13344,18284,5003,8379,14043,15966,13078,7518,13737,16149,10206,2925,3051,6900,10028,8722,8131,9879,6717,13192,7092,9728,2977
13,3093,2685,7141,5123,5294,6446,1898,1238,379,1505,2564,1987,1354,2159,1864,2468,1668,1580,1822,1447,1025,1544,4254,2639,2757,2791,2114,2967,1826,2063,922,855,1609,1838,1897,2685,651,4169,3455,3393,3229,0,1696,2077,2403,1910,318,1544,2085,2153,2893,3049,2245,2803,2290,6615,2703,8230,11718,3477,2664,3110,29,2216,0,0,0,0,0,0,0,0,701,0,0,0,64,1418,2937,0,3811,1614,610,3410,2936,2703,505,4454,2287,1019,1281,2606,1894,3528,3648,2754,1468,4667,1747,1791,5575,2681,4009,3808,342,2221,84,1584,2405,2533,3806,3978,4436,1934,849,4926,45,1484,905,1328,1992,215,1791,2583,0,3528,1508,2464,2378,4485,2020,2740,728,638,1877,0,32,1277,0,1028,0,106,16832,14983,9033,6507,3461,6384,12844,1838,4483,5706,7641,5702,4019,7954,6375,8731,2891,5650,3806,8702,3561,4122,1082,674,14337,3895,5262,1190
14,200,717,11494,13196,4845,4066,2221,937,3596,1606,3638,2855,2072,2326,1697,2853,4056,3644,2003,1710,883,1853,2298,3674,2091,4023,2233,1728,2331,3009,3887,2367,646,3450,2908,2816,663,3426,1967,1502,3579,0,1975,2997,2649,2061,2236,1229,1590,4500,913,3064,2105,5009,3456,3993,5469,8184,6816,7504,3615,1615,983,3251,0,0,0,0,0,0,0,85,1930,0,0,0,495,2682,5144,806,4386,2995,1825,5987,7105,2974,690,3714,2240,3482,2819,2750,2970,5621,1182,2972,964,2044,3144,4015,3573,4759,5391,2747,1222,4174,185,2898,1549,2911,6028,4513,3224,3893,2648,1917,198,2378,2127,3204,3899,754,3288,2220,198,2611,2649,3576,3587,5884,2089,2977,1513,3571,2222,0,257,2060,149,1919,3223,1599,15004,20709,8846,4529,4158,9689,14503,5670,4705,5711,6826,9968,4242,8050,3316,9577,6769,6445,6235,12168,1950,2144,18,17,10569,5217,3772,603
15,0,216,3571,4576,3398,6073,2986,446,2186,2130,1812,1309,3469,2018,1726,1201,1176,4148,1659,1148,994,1645,790,2469,1928,1471,1666,3206,944,3304,3407,2220,757,2510,1344,2002,1566,2440,2637,2160,2278,0,1352,3240,1961,1910,1561,973,1050,1033,539,2096,1804,1556,3297,2428,3082,4354,4894,6918,6046,4091,3275,2083,0,0,0,0,0,0,0,394,1887,0,8,0,1244,2077,3133,2309,2139,4944,1870,5889,6493,2648,655,3571,1980,1922,2704,2227,1805,5889,1066,4311,1027,1108,4094,3902,5345,4797,4649,3485,2967,5082,348,1411,1400,2170,5118,3925,2211,3884,3528,1719,1101,3557,2608,3190,3190,2816,3338,1795,790,1398,1743,2477,1958,4136,1766,2539,1860,3477,1512,0,412,1845,8536,10062,11085,13039,9991,15698,18511,3309,9566,4661,7035,6762,3249,3315,4140,5601,1338,2906,1166,4642,4213,3262,9330,5322,419,920,0,0,305,2926,2376,33
16,0,30,2120,5621,5293,9212,3322,819,2442,4467,2132,1465,5560,1759,4392,1311,1158,4244,3334,4599,1721,4133,926,2854,2230,1181,1439,2049,2429,2925,2506,1738,2617,1616,1709,2419,2712,4006,1803,1579,1638,0,2974,2359,2703,1709,862,1825,520,663,735,1416,3090,1508,4245,1406,3006,3183,3451,5919,5107,10003,5409,2898,484,0,0,0,87,0,363,664,2400,0,985,0,2217,3597,4745,9021,7065,7663,3307,5564,5937,3555,777,4140,2018,1387,1368,3131,2616,6912,4153,5875,2484,1636,3539,5870,3297,5262,5540,2673,7958,4598,3407,734,1432,3775,4995,4716,2015,5992,7074,4337,3341,6097,4036,4987,4474,10455,4409,2062,4949,1741,3283,1475,3264,3532,2105,2657,2875,2242,2851,0,1406,3443,9218,23459,23910,19055,3093,6052,7319,6178,5827,7999,1011,2336,7696,4139,1348,6671,162,1680,1739,4644,5341,3004,11709,4963,42,541,0,0,2,1990,1146,0
17,0,4,621,1505,4956,4715,1495,839,2844,2197,4890,2009,2753,3330,4103,2064,2279,1405,2168,2424,1191,994,1486,2554,1726,2012,1599,1239,2068,1432,911,1471,848,2055,2347,2893,2057,2185,3060,2616,2475,0,1173,1634,2678,1850,300,1494,2279,2187,1769,587,2427,1327,1801,2180,4279,4325,1874,5066,3567,6645,7789,2267,1799,0,0,0,225,0,1283,866,1968,0,2861,0,2579,4252,3563,6963,5633,2995,4025,3903,2855,2643,727,3863,1860,1658,706,2542,3121,5022,2142,3721,1774,2125,1388,5456,2005,2833,2945,1840,5402,2456,8113,830,2476,2790,4080,3362,2163,3836,4958,5940,4504,4746,4026,4839,3613,7536,3577,1434,7617,1659,3529,1290,2566,3068,2565,2429,2485,2088,2108,0,3784,2439,12987,10555,17164,11029,151,386,0,2301,7350,17679,0,5589,5157,1749,696,2466,5,352,377,3322,1721,2557,5353,3518,0,276,0,0,0,1075,475,0
18,0,4,191,180,4639,4410,2826,989,4511,2933,5979,4376,3272,4722,3165,5046,4368,1780,2120,3225,1167,3008,2528,4570,2345,3908,2926,3671,3369,1376,3372,2422,1795,2078,3806,3319,2677,1150,2373,2438,1772,0,1035,2872,3604,1589,420,1986,3863,1646,2550,1623,3253,3043,1452,2608,3660,3947,1337,2336,4513,5969,9246,1293,2744,0,0,0,239,0,2329,1246,2251,1098,6795,0,6800,5935,5183,4884,4732,2599,6048,2589,2076,5014,736,5399,2793,1629,2704,3830,2832,3524,1525,4931,5291,3173,1841,5348,4020,3828,2591,2911,7760,4339,8825,4765,4267,2952,4592,1628,2972,5241,4472,2681,4811,6544,5179,4751,5044,5894,5767,1566,8732,1864,4263,1163,3044,2433,2770,3277,3572,1896,3078,0,8351,5710,7184,8510,9824,13135,61,0,0,8967,6736,7445,0,12089,4250,597,268,1191,0,46,282,746,4488,3296,2114,67,0,109,0,0,0,617,389,0
19,0,0,1,0,2957,3350,2650,881,3871,3525,3214,4063,3231,3821,7324,2104,1954,1397,3009,1831,688,1450,1760,4497,2529,1741,3237,1655,1012,3305,3698,3590,2815,3537,2227,2793,1643,1787,1591,3076,2092,0,2212,978,2724,1447,622,1693,2712,1149,2998,2959,2875,2763,1065,1478,2216,1245,2503,1680,2555,3158,1990,3192,2687,0,0,71,285,25,1461,1574,2872,3464,6892,0,5753,4627,3476,4080,3516,2654,5073,1256,2415,920,538,3040,2904,1656,2168,3579,2097,1039,1068,2611,4070,3513,1559,2619,3935,3800,2206,2791,4619,3974,5196,3892,2122,2176,2723,1338,4132,2546,2608,2625,6505,3454,3960,3148,3741,2406,4009,675,4696,2509,3071,1568,2739,2517,2465,3590,3364,911,3411,0,6446,3454,6713,6861,8536,10718,0,0,0,5739,7959,117,0,4001,4258,0,0,48,0,0,30,186,4010,2020,758,0,1,0,0,0,0,391,20,0
20,0,0,0,0,2017,2336,4387,1450,8459,2915,5135,4872,2749,3213,6499,4635,5107,5939,5067,2596,1696,3106,2417,3901,3184,2970,2821,1933,4133,2120,4755,1827,2628,2829,4051,2759,2223,1327,2435,2351,2694,0,3306,834,3079,2349,431,1444,3297,1940,2917,2144,4811,3238,4654,2598,2922,1718,3571,3198,3571,2761,1294,5522,5839,3,0,1297,1425,1830,2984,4133,4179,3000,6926,0,6393,5300,5039,3139,4520,2923,5812,1416,2929,1565,432,3830,4237,3770,3130,5210,4813,846,3449,4060,2681,4683,4718,2232,5224,4720,2989,2465,2225,3889,5132,5119,4241,2882,3664,2531,2421,2329,1266,5078,9194,2121,4804,2772,3674,2834,3811,2116,5270,3287,4835,4599,3785,2365,2802,3742,4670,2329,3342,0,5782,4791,13707,9733,10597,8462,0,0,0,8140,15076,0,0,10013,14282,0,0,0,0,0,0,23,7611,3329,194,0,0,0,0,0,0,340,0,0
21,0,0,0,0,702,835,5479,1027,4775,3638,5611,2996,2234,3433,7680,1342,3792,8131,3901,3740,4317,1557,4101,3463,3815,2284,1768,871,2526,2774,2424,3145,1874,3943,4522,2753,2083,819,1958,1809,2135,0,1992,3047,1930,3249,172,2495,3888,4831,2875,1537,3143,4058,4102,3313,1922,1790,2108,2612,2191,3572,1573,4778,10959,73,0,5086,2769,1359,4601,5054,4952,6136,5514,0,5128,1571,2429,1618,2100,1901,3608,3457,4113,2109,276,2301,2904,1618,3574,5151,4125,2226,4268,4319,2742,2335,3984,2690,2556,2454,1544,2456,1096,4014,1817,5036,4118,3192,2392,1438,1027,1712,1710,3619,1741,1895,3258,1974,3101,1430,2886,1717,2803,3875,3529,4071,2908,1940,2768,3108,3944,2340,4565,0,5779,3120,12636,7334,2424,4225,0,0,0,4101,7702,0,0,9902,8624,0,0,0,0,0,0,0,5090,4252,15,0,0,0,0,0,0,116,0,0
22,0,0,0,0,255,484,7345,415,7631,6615,3355,3279,2937,10245,2160,3786,5871,5218,4582,5849,3160,4100,4355,5802,5387,3844,1977,2521,3430,6151,1318,3248,6165,5939,7067,4548,3031,1989,2938,2026,3168,0,3791,2877,2225,4093,431,3555,1283,4344,3786,2173,4257,4231,5007,2400,1130,5378,2880,2122,3870,2746,3588,6281,6399,398,0,7862,4422,1125,7909,8249,6364,7880,4675,0,4241,1821,2151,4419,3479,2282,3382,6185,5676,2423,192,2557,3822,3204,4554,3818,5109,3723,3896,3646,1736,2429,4794,2526,3102,2235,1978,1976,2192,2523,3330,5007,3280,3223,2253,2453,3846,3644,4967,2733,1655,2824,3637,3549,3164,4678,3305,1267,3856,6635,3229,7057,3241,2586,5369,4141,3810,3898,4649,0,2896,5383,9927,3310,807,5224,0,0,0,5887,2914,0,0,5515,3044,0,0,0,0,0,0,0,2260,8717,0,0,0,0,0,0,0,0,0,0
23,0,0,0,0,65,74,6609,284,1775,7386,1948,5092,3851,3467,235,6585,5689,2921,4734,6833,2442,4879,3675,4797,3105,2965,2501,3663,2333,2054,2809,3465,2922,6741,4950,6093,3120,1399,2721,1220,2970,105,3445,2044,2391,3304,1447,4007,4393,1741,5106,1890,3957,2744,3918,1624,635,3831,2327,3758,1926,3254,5576,4431,6311,2284,3,6454,5432,2820,6814,5647,4966,6210,3318,0,1709,3002,2050,4712,2409,1631,3084,3213,3159,3668,103,2727,5532,2695,2695,3802,4585,4493,1757,3363,836,1576,3186,3008,1888,2013,2928,3409,3292,826,4930,3252,3833,2260,2426,4740,4367,3069,3033,3141,3155,3624,2796,2924,3162,2810,3053,1508,2512,5190,2817,4036,2557,3819,4107,3031,3129,6600,3437,0,2712,4777,5354,2292,0,1158,0,0,0,10967,129,0,0,677,411,0,0,0,0,0,0,0,62,234,0,0,0,0,0,0,0,0,0,0
24,0,0,0,0,42,2,3282,199,162,2685,1255,6414,6225,1127,118,6547,4202,626,7706,6637,2129,5069,4749,2174,5403,4420,5480,4089,11153,3990,5519,3700,4704,8874,5577,6079,3793,4654,3752,3983,4178,490,3414,3221,3205,2487,2020,5607,6817,3362,9681,5213,4575,6861,4631,3173,1725,5852,2364,4073,2687,2258,5377,5511,4649,17495,92,9816,4757,9042,8770,6610,5631,6237,3327,0,5133,4504,1883,4598,3461,2617,2578,2915,2552,1766,434,3945,5151,1785,4268,4705,4406,6401,4589,2048,2350,1799,3316,4644,2719,2894,3548,3757,6486,2683,3896,3114,5453,4008,3778,3596,2473,3875,4337,3152,4585,4265,4046,3423,3058,3141,3389,1804,3087,3212,3404,5112,4118,3235,5080,3479,3795,8075,4457,2,5412,3398,1365,2024,0,52,0,0,0,5330,0,0,0,0,19,0,0,0,0,0,0,0,0,0,0,0,0,0,0,0,0,0,0,0
25,0,0,0,0,0,0,282,0,0,51,211,2197,3621,25,8,1495,318,0,1916,826,1884,5800,4293,111,7405,6121,8005,1665,6180,2969,6052,5135,1367,1682,1927,3220,2505,4812,2814,2765,4839,647,1817,2617,2464,2340,2162,4364,5133,3076,4695,7723,6539,6479,8281,5885,6410,4631,840,4799,4589,5347,4102,4610,3099,17617,905,5450,5923,11809,4432,5358,3157,3514,4044,82,6603,3595,2325,3453,4177,3251,2691,2267,1363,2131,417,1772,2913,1250,3919,2897,4259,1385,1148,1286,626,2255,2754,3878,1073,2717,3320,1890,5487,1225,1236,1646,4777,3196,4268,2322,1568,3369,3114,1591,3675,3304,2875,2670,2966,4310,3382,1872,2655,3731,3481,2093,1992,2363,4115,2597,3348,5650,2932,14,4964,3954,16,459,0,0,0,0,0,774,0,0,0,0,0,0,0,0,0,0,0,0,0,0,0,0,0,0,0,0,0,0,0,0
26,0,0,0,0,0,0,6,0,0,0,56,1487,1936,0,0,643,0,0,154,12,7021,3871,4251,0,5023,4532,7480,3032,867,1591,3600,6362,4462,473,614,1741,3313,3511,2776,4235,4704,1162,8370,6697,4801,6228,1907,3901,4199,13826,3359,4207,3171,7444,12477,7573,6841,8671,5195,5538,3541,7802,4359,3192,5264,12956,3124,8794,7005,12171,3617,5658,3407,7809,4107,3444,3966,5320,6391,4169,4360,5964,4638,1166,2198,4212,532,2467,3767,2977,2851,2367,5134,1491,1997,1043,1309,2573,3291,3075,2848,2159,3349,3461,2047,5667,5247,2587,5472,4500,10269,4910,4709,3573,2990,2578,3887,3084,3713,4044,3459,3230,3356,1130,4252,3697,4461,3777,3119,5273,4271,7917,4647,3089,3816,43,6462,3990,0,67,0,0,0,0,0,0,0,0,0,0,0,0,0,0,0,0,0,0,0,0,0,0,0,0,0,0,0,0,0,0
27,0,0,0,0,0,0,0,0,0,0,0,1438,397,0,0,147,0,0,0,0,5528,707,1556,0,653,2787,127,3237,0,1721,1463,2715,7059,146,0,662,4016,1317,3794,4776,4767,1741,5790,4627,5724,8750,1351,4534,4802,5389,1900,7656,375,2914,4237,5112,4413,7328,5246,7145,3068,6899,4868,4938,5189,6588,5084,5814,4808,5459,3217,3970,4728,4400,5934,1507,3743,6721,1841,2848,7031,4225,3865,2618,3153,2576,500,2190,3495,4479,2442,3066,4925,3298,2296,3043,5439,2218,5339,1191,6514,3026,2860,2425,940,1826,4325,2644,4700,4524,8268,4491,1945,3042,3272,3950,2369,3172,2786,2819,2145,2744,2564,2209,2206,3056,2746,2953,2722,4606,3018,7640,3868,4024,4105,41,6530,5352,0,0,0,0,0,0,0,0,0,0,0,0,0,0,0,0,0,0,0,0,0,0,0,0,0,0,0,0,0,0,0,0
28,0,0,0,0,0,0,0,0,0,0,0,1311,0,0,0,0,0,0,0,0,2585,0,403,0,93,2129,0,6473,0,4756,1059,2355,3713,11,0,212,4925,3688,5656,4532,4799,5261,2815,4632,5932,5155,1319,4142,6206,279,621,6993,0,3118,2019,7499,7511,8945,12409,7272,5041,9560,6364,6646,11576,13746,9146,10044,8677,6339,7817,6929,6805,4970,8520,3726,7290,10627,4598,6556,8451,5099,4817,7187,5076,7466,526,6574,5406,8266,5006,6098,6493,6271,8040,7050,5383,4787,6743,6796,1947,6431,7380,5133,3666,10619,5077,5262,7001,6398,4682,5195,6403,4709,4967,6298,1669,4944,4691,5014,3854,5396,4279,4356,3980,4432,6734,5366,6114,8660,5328,6967,6149,5666,10583,145,6461,10801,0,0,0,0,0,0,0,0,0,0,0,0,0,0,0,0,0,0,0,0,0,0,0,0,0,0,0,0,0,0,0,0
29,0,0,0,0,0,0,0,0,0,0,0,517,0,0,0,0,0,0,0,0,125,0,289,0,24,147,0,7090,0,487,261,1046,1187,0,0,74,3306,5226,3702,2214,1725,5166,1432,2296,3025,470,1280,2589,946,0,90,2039,0,1874,776,2235,6553,2085,7975,5458,9814,5669,6395,8689,12131,12234,6630,11611,10154,7308,11417,9478,6188,5443,5316,3997,6937,6095,4789,4884,5974,6421,5801,6638,8091,8216,326,7045,5343,6495,8323,5506,4927,6169,4172,5978,10423,7474,6819,7714,1301,6018,4789,5550,6245,12781,4304,6882,5972,7521,749,8988,5236,6166,6357,7685,1018,6459,7818,5601,4174,10048,6462,3171,5466,8815,9201,6545,9016,10460,7738,3830,7043,8297,11636,231,6116,11028,0,0,0,0,0,0,0,0,0,0,0,0,0,0,0,0,0,0,0,0,0,0,0,0,0,0,0,0,0,0,0,0
30,0,0,0,0,0,0,0,0,0,0,0,93,0,0,0,0,0,0,0,0,0,0,13,0,0,0,0,422,0,5,576,896,674,0,0,24,2712,3189,1125,2713,752,2974,709,782,2157,111,1406,2056,14,0,0,136,0,1174,6,93,3824,560,587,6661,9570,979,11360,9993,7209,4213,7013,13818,10964,11035,11479,11197,7288,7437,10613,5928,6840,6954,10745,10421,6669,10595,7875,10956,13346,9558,410,8645,6527,8632,9045,7628,9413,9850,4320,8752,9419,10770,7059,9691,10009,12018,8788,9699,8640,1464,8308,7953,6527,6190,0,8782,8495,8501,6109,11722,6589,8867,11563,9454,2977,12134,13058,4272,15781,9545,8604,11767,11601,7403,8140,3225,12310,10810,6658,199,3413,5985,0,0,0,0,0,0,0,0,0,0,0,0,0,0,0,0,0,0,0,0,0,0,0,0,0,0,0,0,0,0,0,0
31,0,0,0,0,0,0,0,0,0,0,0,0,0,0,0,0,0,0,0,0,0,0,0,0,0,0,0,0,0,0,787,76,0,0,0,0,670,909,21,543,49,245,43,1050,835,0,622,338,2,0,0,0,0,97,0,0,188,0,0,417,442,0,3810,2517,1118,24,6709,1336,7849,7204,6672,6748,6573,6703,6724,5245,6196,3725,4917,6786,1750,3598,7499,5612,3714,2365,311,5342,5444,428,2657,5266,5887,4497,6057,5278,184,3370,1220,7123,8791,5103,5978,8746,6506,0,10006,5240,5143,2179,0,4288,6908,7000,3315,3788,5886,8252,6146,7820,848,4660,6834,6297,8023,2279,3502,7887,3992,889,5150,2275,7255,8843,1767,107,1049,1644,0,0,0,0,0,0,0,0,0,0,0,0,0,0,0,0,0,0,0,0,0,0,0,0,0,0,0,0,0,0,0,0
32,0,0,0,0,0,0,0,0,0,0,0,0,0,0,0,0,0,0,0,0,0,0,0,0,0,0,0,0,0,0,75,1,0,0,0,0,0,149,0,0,0,0,0,39,83,0,111,14,0,0,0,0,0,11,0,0,0,0,0,0,0,0,142,430,8,0,7939,0,7568,8894,2070,3369,4927,9016,977,5150,3914,1739,885,1830,0,772,5702,1257,569,1,422,3881,3149,0,175,4712,1975,4191,4227,3474,0,1029,103,2607,3506,6963,1420,970,8248,0,3415,1220,754,343,0,909,1134,4633,1411,593,8311,4245,3723,4529,375,162,2924,9164,255,200,1387,2018,1540,0,4157,1928,4590,930,889,33,10,76,0,0,0,0,0,0,0,0,0,0,0,0,0,0,0,0,0,0,0,0,0,0,0,0,0,0,0,0,0,0,0,0
33,0,0,0,0,0,0,0,0,0,0,0,0,0,0,0,0,0,0,0,0,0,0,0,0,0,0,0,0,0,0,0,0,0,0,0,0,0,0,0,0,0,0,0,0,0,0,0,0,0,0,0,0,0,0,0,0,0,0,0,0,0,0,0,10,0,0,7199,0,4230,1093,33,524,2014,3651,17,1531,231,46,13,311,0,23,1788,118,0,0,170,409,593,0,0,961,66,662,382,1060,0,25,0,561,186,400,161,0,443,0,217,0,0,55,0,0,1,1292,138,0,2252,597,818,1396,47,0,199,5707,0,3,160,72,69,0,1454,379,960,0,186,0,0,0,0,0,0,0,0,0,0,0,0,0,0,0,0,0,0,0,0,0,0,0,0,0,0,0,0,0,0,0,0,0,0,0
34,0,0,0,0,0,0,0,0,0,0,0,0,0,0,0,0,0,0,0,0,0,0,0,0,0,0,0,0,0,0,0,0,0,0,0,0,0,0,0,0,0,0,0,0,0,0,0,0,0,0,0,0,0,0,0,0,0,0,0,0,0,0,0,0,0,0,9214,0,929,0,0,3,620,825,0,337,0,0,0,0,0,0,460,0,0,0,86,32,77,0,0,104,0,0,5,159,0,0,0,17,0,0,5,0,0,0,0,0,0,16,0,0,0,72,0,0,826,40,226,558,0,0,0,1764,0,5,0,0,0,0,241,0,169,0,29,0,0,0,0,0,0,0,0,0,0,0,0,0,0,0,0,0,0,0,0,0,0,0,0,0,0,0,0,0,0,0,0,0,0,0
35,0,0,0,0,0,0,0,0,0,0,0,0,0,0,0,0,0,0,0,0,0,0,0,0,0,0,0,0,0,0,0,0,0,0,0,0,0,0,0,0,0,0,0,0,0,0,0,0,0,0,0,0,0,0,0,0,0,0,0,0,0,0,0,0,0,0,8015,0,0,0,0,0,137,0,0,24,0,0,0,0,0,0,19,0,0,0,32,0,1,0,0,0,0,0,0,0,0,0,0,0,0,0,0,0,0,0,0,0,0,0,0,0,0,0,0,0,65,0,10,210,0,0,0,38,0,3,0,0,0,0,0,0,0,0,0,0,0,0,0,0,0,0,0,0,0,0,0,0,0,0,0,0,0,0,0,0,0,0,0,0,0,0,0,0,0,0,0,0,0,0
36,0,0,0,0,0,0,0,0,0,0,0,0,0,0,0,0,0,0,0,0,0,0,0,0,0,0,0,0,0,0,0,0,0,0,0,0,0,0,0,0,0,0,0,0,0,0,0,0,0,0,0,0,0,0,0,0,0,0,0,0,0,0,0,0,0,0,7325,0,0,0,0,0,4,0,0,0,0,0,0,0,0,0,0,0,0,0,3,0,0,0,0,0,0,0,0,0,0,0,0,0,0,0,0,0,0,0,0,0,0,0,0,0,0,0,0,0,0,0,0,32,0,0,0,0,0,2,0,0,0,0,0,0,0,0,0,0,0,0,0,0,0,0,0,0,0,0,0,0,0,0,0,0,0,0,0,0,0,0,0,0,0,0,0,0,0,0,0,0,0,0
37,0,0,0,0,0,0,0,0,0,0,0,0,0,0,0,0,0,0,0,0,0,0,0,0,0,0,0,0,0,0,0,0,0,0,0,0,0,0,0,0,0,0,0,0,0,0,0,0,0,0,0,0,0,0,0,0,0,0,0,0,0,0,0,0,0,0,4685,0,0,0,0,0,0,0,0,0,0,0,0,0,0,0,0,0,0,0,0,0,0,0,0,0,0,0,0,0,0,0,0,0,0,0,0,0,0,0,0,0,0,0,0,0,0,0,0,0,0,0,0,0,0,0,0,0,0,0,0,0,0,0,0,0,0,0,0,0,0,0,0,0,0,0,0,0,0,0,0,0,0,0,0,0,0,0,0,0,0,0,0,0,0,0,0,0,0,0,0,0,0,0
38,0,0,0,0,0,0,0,0,0,0,0,0,0,0,0,0,0,0,0,0,0,0,0,0,0,0,0,0,0,0,0,0,0,0,0,0,0,0,0,0,0,0,0,0,0,0,0,0,0,0,0,0,0,0,0,0,0,0,0,0,0,0,0,0,0,0,3776,0,0,0,0,0,0,0,0,0,0,0,0,0,0,0,0,0,0,0,0,0,0,0,0,0,0,0,0,0,0,0,0,0,0,0,0,0,0,0,0,0,0,0,0,0,0,0,0,0,0,0,0,0,0,0,0,0,0,0,0,0,0,0,0,0,0,0,0,0,0,0,0,0,0,0,0,0,0,0,0,0,0,0,0,0,0,0,0,0,0,0,0,0,0,0,0,0,0,0,0,0,0,0
39,0,0,0,0,0,0,0,0,0,0,0,0,0,0,0,0,0,0,0,0,0,0,0,0,0,0,0,0,0,0,0,0,0,0,0,0,0,0,0,0,0,0,0,0,0,0,0,0,0,0,0,0,0,0,0,0,0,0,0,0,0,0,0,0,0,0,833,0,0,0,0,0,0,0,0,0,0,0,0,0,0,0,0,0,0,0,0,0,0,0,0,0,0,0,0,0,0,0,0,0,0,0,0,0,0,0,0,0,0,0,0,0,0,0,0,0,0,0,0,0,0,0,0,0,0,0,0,0,0,0,0,0,0,0,0,0,0,0,0,0,0,0,0,0,0,0,0,0,0,0,0,0,0,0,0,0,0,0,0,0,0,0,0,0,0,0,0,0,0,0
40,0,0,0,0,0,0,0,0,0,0,0,0,0,0,0,0,0,0,0,0,0,0,0,0,0,0,0,0,0,0,0,0,0,0,0,0,0,0,0,0,0,0,0,0,0,0,0,0,0,0,1,0,0,0,0,0,0,0,0,0,0,0,0,0,0,0,36,0,0,0,0,0,0,0,0,0,0,0,0,0,0,0,0,0,0,0,0,0,0,0,0,0,0,0,0,0,0,0,0,0,0,0,0,0,0,0,0,0,0,0,0,0,0,0,0,0,0,0,0,0,0,0,0,0,0,0,0,0,0,0,0,0,0,0,0,0,0,0,0,0,0,0,0,0,0,0,0,0,0,0,0,0,0,0,0,0,0,0,0,0,0,0,0,0,0,0,0,0,0,0
41,0,0,0,0,0,0,0,0,0,0,0,0,0,0,0,0,0,0,0,0,0,0,0,0,0,0,0,0,0,0,0,0,0,0,0,0,0,0,0,0,0,0,0,0,0,0,0,0,0,0,0,0,0,0,0,0,0,0,0,0,0,0,0,0,0,0,0,0,0,0,0,0,0,0,0,0,0,0,0,0,0,0,0,0,0,0,0,0,0,0,0,0,0,0,0,0,0,0,0,0,0,0,0,0,0,0,0,0,0,0,0,0,0,0,0,0,0,0,0,0,0,0,0,0,0,0,0,0,0,0,0,0,0,0,0,0,0,0,0,0,0,0,0,0,0,0,0,0,0,0,0,0,0,0,0,0,0,0,0,0,0,0,0,0,0,0,0,0,0,0
42,0,0,0,0,0,0,0,0,0,0,0,0,0,0,0,0,0,0,0,0,0,0,0,0,0,0,0,0,0,0,0,0,0,0,0,0,0,0,0,0,0,0,0,0,0,0,0,0,0,0,0,0,0,0,0,0,0,0,0,0,0,0,0,0,0,0,0,0,0,0,0,0,0,0,0,0,0,0,0,0,0,0,0,0,0,0,0,0,0,0,0,0,0,0,0,0,0,0,0,0,0,0,0,0,0,0,0,0,0,0,0,0,0,0,0,0,0,0,0,0,0,0,0,0,0,0,0,0,0,0,0,0,0,0,0,0,0,0,0,0,0,0,0,0,0,0,0,0,0,0,0,0,0,0,0,0,0,0,0,0,0,0,0,0,0,0,0,0,0,0
43,0,0,0,0,0,0,0,0,0,0,0,0,0,0,0,0,0,0,0,0,0,0,0,0,0,0,0,0,0,0,0,0,0,0,0,0,0,0,0,0,0,0,0,0,0,0,0,0,0,0,0,0,0,0,0,0,0,0,0,0,0,0,0,0,0,0,0,0,0,0,0,0,0,0,0,0,0,0,0,0,0,0,0,0,0,0,0,0,0,0,0,0,0,0,0,0,0,0,0,0,0,0,0,0,0,0,0,0,0,0,0,0,0,0,0,0,0,0,0,0,0,0,0,0,0,0,0,0,0,0,0,0,0,0,0,0,0,0,0,0,0,0,0,0,0,0,0,0,0,0,0,0,0,0,0,0,0,0,0,0,0,0,0,0,0,0,0,0,0,0
44,0,0,0,0,0,0,0,0,0,0,0,0,0,0,0,0,0,0,0,0,0,0,0,0,0,0,0,0,0,0,0,0,0,0,0,0,0,0,0,0,0,0,0,0,0,0,0,0,0,0,0,0,0,0,0,0,0,0,0,0,0,0,0,0,0,0,0,0,0,0,0,0,0,0,0,0,0,0,0,0,0,0,0,0,0,0,0,0,0,0,0,0,0,0,0,0,0,0,0,0,0,0,0,0,0,0,0,0,0,0,0,0,0,0,0,0,0,0,0,0,0,0,0,0,0,0,0,0,0,0,0,0,0,0,0,0,0,0,0,0,0,0,0,0,0,0,0,0,0,0,0,0,0,0,0,0,0,0,0,0,0,0,0,0,0,0,0,0,0,0
45,0,0,0,0,0,0,0,0,0,0,0,0,0,0,0,0,0,0,0,0,0,0,0,0,0,0,0,0,0,0,0,0,0,0,0,0,0,0,0,0,0,0,0,0,0,0,0,0,0,0,0,0,0,0,0,0,0,0,0,0,0,0,0,0,0,0,0,0,0,0,0,0,0,0,0,0,0,0,0,0,0,0,0,0,0,0,0,0,0,0,0,0,0,0,0,0,0,0,0,0,0,0,0,0,0,0,0,0,0,0,0,0,0,0,0,0,0,0,0,0,0,0,0,0,0,0,0,0,0,0,0,0,0,0,0,0,0,0,0,0,0,0,0,0,0,0,0,0,0,0,0,0,0,0,0,0,0,0,0,0,0,0,0,0,0,0,0,0,0,0
46,0,0,0,0,0,0,0,0,0,0,0,0,0,0,0,0,0,0,0,0,0,0,0,0,0,0,0,0,0,0,0,0,0,0,0,0,0,0,0,0,0,0,0,0,0,0,0,0,0,0,0,0,0,0,0,0,0,0,0,0,0,0,0,0,0,0,0,0,0,0,0,0,0,0,0,0,0,0,0,0,0,0,0,0,0,0,0,0,0,0,0,0,0,0,0,0,0,0,0,0,0,0,0,0,0,0,0,0,0,0,0,0,0,0,0,0,0,0,0,0,0,0,0,0,0,0,0,0,0,0,0,0,0,0,0,0,0,0,0,0,0,0,0,0,0,0,0,0,0,0,0,0,0,0,0,0,0,0,0,0,0,0,0,0,0,0,0,0,0,0
47,0,0,0,0,0,0,0,0,0,0,0,0,0,0,0,0,0,0,0,0,0,0,0,0,0,0,0,0,0,0,0,0,0,0,0,0,0,0,0,0,0,0,0,0,0,0,0,0,0,0,0,0,0,0,0,0,0,0,0,0,0,0,0,0,0,0,0,0,0,0,0,0,0,0,0,0,0,0,0,0,0,0,0,0,0,0,0,0,0,0,0,0,0,0,0,0,0,0,0,0,0,0,0,0,0,0,0,0,0,0,0,0,0,0,0,0,0,0,0,0,0,0,0,0,0,0,0,0,0,0,0,0,0,0,0,0,0,0,0,0,0,0,0,0,0,0,0,0,0,0,0,0,0,0,0,0,0,0,0,0,0,0,0,0,0,0,0,0,0,0
48,0,0,0,0,0,0,0,0,0,0,0,0,0,0,0,0,0,0,0,0,0,0,0,0,0,0,0,0,0,0,0,0,0,0,0,0,0,0,0,0,0,0,0,0,0,0,0,0,0,0,0,0,0,0,0,0,0,0,0,0,0,0,0,0,0,0,0,0,0,0,0,0,0,0,0,0,0,0,0,0,0,0,0,0,0,0,0,0,0,0,0,0,0,0,0,0,0,0,0,0,0,0,0,0,0,0,0,0,0,0,0,0,0,0,0,0,0,0,0,0,0,0,0,0,0,0,0,0,0,0,0,0,0,0,0,0,0,0,0,0,0,0,0,0,0,0,0,0,0,0,0,0,0,0,0,0,0,0,0,0,0,0,0,0,0,0,0,0,0,0
49,0,0,0,0,0,0,0,0,0,0,0,0,0,0,0,0,0,0,0,0,0,0,0,0,0,0,0,0,0,0,0,0,0,0,0,0,0,0,0,0,0,0,0,0,0,0,0,0,0,0,0,0,0,0,0,0,0,0,0,0,0,0,0,0,0,0,0,0,0,0,0,0,0,0,0,0,0,0,0,0,0,0,0,0,0,0,0,0,0,0,0,0,0,0,0,0,0,0,0,0,0,0,0,0,0,0,0,0,0,0,0,0,0,0,0,0,0,0,0,0,0,0,0,0,0,0,0,0,0,0,0,0,0,0,0,0,0,0,0,0,0,0,0,0,0,0,0,0,0,0,0,0,0,0,0,0,0,0,0,0,0,0,0,0,0,0,0,0,0,0
50,0,0,0,0,0,0,0,0,0,0,0,0,0,0,0,0,0,0,0,0,0,0,0,0,0,0,0,0,0,0,0,0,0,0,0,0,0,0,0,0,0,0,0,0,0,0,0,0,0,0,0,0,0,0,0,0,0,0,0,0,0,0,0,0,0,0,0,0,0,0,0,0,0,0,0,0,0,0,0,0,0,0,0,0,0,0,0,0,0,0,0,0,0,0,0,0,0,0,0,0,0,0,0,0,0,0,0,0,0,0,0,0,0,0,0,0,0,0,0,0,0,0,0,0,0,0,0,0,0,0,0,0,0,0,0,0,0,0,0,0,0,0,0,0,0,0,0,0,0,0,0,0,0,0,0,0,0,0,0,0,0,0,0,0,0,0,0,0,0,0
